dzien symulacji,liczba kobiet,liczba mezczyzn,urodzone kobiety,urodzeni mezczyzni,zmarle kobiety,zmarli mezczyzni
1,516887.82,483097.86,10.12,10.2,10.3,8.34
2,516887.21,483099.47,9.91,10.34,10.52,8.73
3,516887.47,483101.09,10.6,10.31,10.34,8.69
4,516887.63,483102.38,10.48,9.96,10.32,8.67
5,516887.04,483103.7,9.95,9.54,10.54,8.22
6,516886.81,483105.38,10.36,10.08,10.59,8.4
7,516886.83,483106.49,10.01,10.01,9.99,8.9
8,516886.07,483107.34,9.87,9.79,10.63,8.94
9,516885.85,483109.53,10.44,10.62,10.66,8.43
10,516885.69,483111.02,10.26,9.83,10.42,8.34
11,516884.55,483112.72,9.59,10.24,10.73,8.54
12,516884.28,483114.33,10.32,10.03,10.59,8.42
13,516884.0,483115.54,10.27,9.71,10.55,8.5
14,516883.63,483117.1,10.01,10.19,10.38,8.63
15,516882.69,483118.72,9.57,10.66,10.51,9.04
16,516882.44,483120.61,10.15,10.21,10.4,8.32
17,516882.1,483122.03,9.91,10.09,10.25,8.67
18,516881.17,483123.66,10.19,10.35,11.12,8.72
19,516880.92,483125.16,10.17,9.96,10.42,8.46
20,516879.77,483126.38,9.53,10.44,10.68,9.22
21,516879.22,483128.09,10.28,10.07,10.83,8.36
22,516879.46,483129.54,10.79,10.02,10.55,8.57
23,516878.93,483131.34,9.92,10.33,10.45,8.53
24,516878.55,483132.98,10.05,9.9,10.43,8.26
25,516877.38,483135.26,10.03,10.68,11.2,8.4
26,516876.61,483137.26,10.03,10.08,10.8,8.08
27,516876.66,483139.1,10.26,10.03,10.21,8.19
28,516875.8,483140.26,9.64,10.15,10.5,8.99
29,516875.03,483142.72,9.97,11.02,10.74,8.56
30,516874.59,483144.16,10.43,10.01,10.87,8.57
31,516874.38,483145.96,10.39,9.83,10.6,8.03
32,516874.19,483147.6,10.2,10.09,10.39,8.45
33,516873.9,483149.08,10.1,10.26,10.39,8.78
34,516873.04,483150.81,10.15,9.99,11.01,8.26
35,516872.41,483151.82,10.14,9.85,10.77,8.84
36,516872.3,483153.2,9.84,9.75,9.95,8.37
37,516872.99,483154.94,10.61,10.61,9.92,8.87
38,516872.12,483156.38,10.05,10.08,10.92,8.64
39,516871.08,483157.78,9.82,10.0,10.86,8.6
40,516870.04,483158.84,9.94,9.99,10.98,8.93
41,516869.47,483160.25,10.24,10.32,10.81,8.91
42,516869.22,483162.31,10.01,10.53,10.26,8.47
43,516869.0,483163.71,10.39,9.7,10.61,8.3
44,516869.29,483164.85,10.29,9.75,10.0,8.61
45,516868.11,483166.54,9.58,10.16,10.76,8.47
46,516867.46,483168.72,10.06,10.55,10.71,8.37
47,516866.25,483170.5,9.73,10.7,10.94,8.92
48,516865.41,483171.94,9.62,10.05,10.46,8.61
49,516864.96,483173.86,10.02,10.5,10.47,8.58
50,516864.7,483175.12,10.48,9.84,10.74,8.58
51,516864.84,483176.49,10.48,9.68,10.34,8.31
52,516864.25,483177.96,10.56,10.43,11.15,8.96
53,516863.32,483179.75,9.88,10.45,10.81,8.66
54,516862.75,483181.09,10.38,9.92,10.95,8.58
55,516862.24,483182.74,9.96,10.29,10.47,8.64
56,516861.82,483184.53,9.76,10.31,10.18,8.52
57,516861.82,483185.9,10.42,10.23,10.42,8.86
58,516861.9,483187.94,10.51,10.35,10.43,8.31
59,516862.38,483189.04,10.48,10.09,10.0,8.99
60,516861.79,483190.52,10.08,10.05,10.67,8.57
61,516860.9,483192.0,10.08,10.37,10.97,8.89
62,516860.63,483194.27,9.6,10.62,9.87,8.35
63,516859.34,483195.68,9.66,10.06,10.95,8.65
64,516858.43,483197.25,9.63,10.13,10.54,8.56
65,516858.62,483198.58,10.45,10.27,10.26,8.94
66,516858.31,483200.51,10.22,10.53,10.53,8.6
67,516858.12,483202.13,10.07,10.29,10.26,8.67
68,516858.05,483202.98,10.72,9.78,10.79,8.93
69,516856.82,483204.23,9.63,10.39,10.86,9.14
70,516856.37,483205.07,9.98,9.89,10.43,9.05
71,516856.14,483206.25,10.16,9.91,10.39,8.73
72,516855.34,483207.04,9.9,9.97,10.7,9.18
73,516854.95,483208.22,10.38,10.04,10.77,8.86
74,516854.38,483210.37,10.16,10.29,10.73,8.14
75,516853.26,483211.87,9.75,10.07,10.87,8.57
76,516852.06,483213.74,9.68,10.06,10.88,8.19
77,516851.18,483215.19,9.75,9.93,10.63,8.48
78,516850.92,483216.99,10.32,10.19,10.58,8.39
79,516850.66,483218.35,10.37,10.01,10.63,8.65
80,516849.74,483219.57,9.58,9.94,10.5,8.72
81,516848.71,483220.67,10.0,10.14,11.03,9.04
82,516847.99,483221.34,10.15,9.79,10.87,9.12
83,516847.08,483222.37,9.34,10.32,10.25,9.29
84,516847.17,483223.93,10.42,10.14,10.33,8.58
85,516845.78,483225.22,9.46,10.07,10.85,8.78
86,516845.95,483226.81,10.44,10.26,10.27,8.67
87,516845.48,483228.03,10.04,10.08,10.51,8.86
88,516844.66,483229.46,9.55,10.45,10.37,9.02
89,516843.94,483231.24,10.16,10.05,10.88,8.27
90,516843.62,483232.32,9.87,10.07,10.19,8.99
91,516842.97,483233.7,10.17,10.13,10.82,8.75
92,516842.59,483235.6,10.3,10.06,10.68,8.16
93,516842.52,483237.01,10.77,10.34,10.84,8.93
94,516842.08,483237.99,9.73,10.03,10.17,9.05
95,516841.63,483239.23,10.17,10.11,10.62,8.87
96,516840.34,483239.95,9.87,9.92,11.16,9.2
97,516840.42,483241.72,10.65,10.39,10.57,8.62
98,516839.81,483243.13,10.13,10.01,10.74,8.6
99,516838.56,483243.68,9.82,9.95,11.07,9.4
100,516838.38,483245.72,10.26,10.42,10.44,8.38
101,516837.71,483246.71,9.97,9.58,10.64,8.59
102,516837.57,483248.6,10.1,10.28,10.24,8.39
103,516836.37,483251.24,9.93,10.93,11.13,8.29
104,516836.28,483253.31,10.49,10.26,10.58,8.19
105,516836.17,483254.8,10.43,10.11,10.54,8.62
106,516836.12,483255.71,10.48,9.77,10.53,8.86
107,516835.81,483257.25,10.61,10.07,10.92,8.53
108,516834.92,483258.34,9.71,9.84,10.6,8.75
109,516834.17,483259.19,10.04,9.66,10.79,8.81
110,516833.72,483260.5,9.77,10.04,10.22,8.73
111,516833.02,483261.37,10.26,9.86,10.96,8.99
112,516831.5,483262.53,9.68,10.02,11.2,8.86
113,516830.35,483263.72,9.65,10.1,10.8,8.91
114,516829.41,483265.13,9.6,10.38,10.54,8.97
115,516828.55,483266.89,10.21,10.31,11.07,8.55
116,516828.52,483268.74,10.43,10.18,10.46,8.33
117,516827.96,483269.92,10.05,9.53,10.61,8.35
118,516827.07,483271.21,9.84,10.4,10.73,9.11
119,516825.95,483272.3,9.72,9.85,10.84,8.76
120,516824.4,483273.7,9.21,10.05,10.76,8.65
121,516824.04,483274.96,10.14,10.0,10.5,8.74
122,516823.84,483275.73,10.28,9.75,10.48,8.98
123,516823.27,483277.3,9.93,10.31,10.5,8.74
124,516822.27,483278.3,9.8,9.91,10.8,8.91
125,516822.69,483279.77,10.54,9.87,10.12,8.4
126,516821.9,483280.43,9.7,9.91,10.49,9.25
127,516821.05,483281.61,9.91,10.01,10.76,8.83
128,516820.04,483282.77,9.87,10.14,10.88,8.98
129,516819.07,483284.28,10.09,10.15,11.06,8.64
130,516818.18,483285.5,9.96,10.17,10.85,8.95
131,516817.64,483286.88,9.87,10.3,10.41,8.92
132,516817.11,483288.16,10.05,9.95,10.58,8.67
133,516816.94,483289.25,10.13,10.44,10.3,9.35
134,516816.26,483290.44,9.78,10.03,10.46,8.84
135,516815.91,483291.25,10.47,9.5,10.82,8.69
136,516815.09,483291.46,10.1,9.54,10.92,9.33
137,516814.26,483292.03,9.95,9.6,10.78,9.03
138,516813.34,483292.83,10.11,9.76,11.03,8.96
139,516812.47,483294.25,10.16,9.91,11.03,8.49
140,516811.53,483294.98,10.06,9.64,11.0,8.91
141,516810.72,483296.54,9.77,10.46,10.58,8.9
142,516809.49,483297.82,9.43,10.13,10.66,8.85
143,516809.1,483299.29,10.35,10.39,10.74,8.92
144,516808.84,483299.75,10.27,9.53,10.53,9.07
145,516808.01,483301.52,10.01,10.32,10.84,8.55
146,516807.18,483302.34,10.41,9.82,11.24,9.0
147,516805.69,483303.75,10.1,10.02,11.59,8.61
148,516804.78,483305.21,10.18,10.36,11.09,8.9
149,516804.3,483305.83,10.18,9.62,10.66,9.0
150,516804.58,483307.02,10.6,9.91,10.32,8.72
151,516803.16,483307.8,9.6,9.79,11.02,9.01
152,516803.06,483309.12,10.55,10.03,10.65,8.71
153,516801.59,483310.3,9.49,10.15,10.96,8.97
154,516800.75,483311.31,10.06,9.67,10.9,8.66
155,516799.5,483312.87,9.89,10.64,11.14,9.08
156,516798.33,483313.32,9.82,9.69,10.99,9.24
157,516797.37,483314.98,9.9,10.09,10.86,8.43
158,516797.57,483316.35,10.96,10.25,10.76,8.88
159,516796.74,483317.71,10.03,9.8,10.86,8.44
160,516795.11,483318.96,9.51,10.46,11.14,9.21
161,516795.0,483320.27,10.45,10.34,10.56,9.03
162,516794.64,483322.2,10.43,10.17,10.79,8.24
163,516794.68,483323.45,10.12,9.99,10.08,8.74
164,516793.79,483325.02,10.24,10.03,11.13,8.46
165,516793.79,483326.43,10.53,10.21,10.53,8.8
166,516792.86,483327.54,10.35,9.72,11.28,8.61
167,516792.67,483329.12,10.44,9.91,10.63,8.33
168,516792.03,483331.04,9.67,10.43,10.31,8.51
169,516791.12,483332.45,10.28,10.24,11.19,8.83
170,516790.1,483333.85,9.57,10.35,10.59,8.95
171,516789.86,483334.42,10.47,9.5,10.71,8.93
172,516789.85,483336.08,10.31,10.35,10.32,8.69
173,516788.38,483337.12,9.67,9.82,11.14,8.78
174,516787.74,483337.53,10.01,9.56,10.65,9.15
175,516786.82,483339.01,9.83,9.82,10.75,8.34
176,516785.32,483340.43,9.39,10.21,10.89,8.79
177,516784.21,483341.66,9.97,10.08,11.08,8.85
178,516783.29,483342.78,9.75,9.81,10.67,8.69
179,516782.55,483344.08,10.17,10.22,10.91,8.92
180,516781.25,483344.91,9.71,10.36,11.01,9.53
181,516780.38,483345.49,10.0,9.29,10.87,8.71
182,516779.64,483347.36,10.19,10.41,10.93,8.54
183,516779.74,483348.68,10.22,9.82,10.12,8.5
184,516779.25,483349.65,10.44,9.52,10.93,8.55
185,516778.52,483350.85,9.93,9.92,10.66,8.72
186,516777.39,483352.62,9.53,10.58,10.66,8.81
187,516777.03,483353.65,10.19,10.03,10.55,9.0
188,516776.56,483355.16,10.27,10.28,10.74,8.77
189,516775.94,483355.61,9.86,9.41,10.48,8.96
190,516775.17,483356.65,10.22,9.93,10.99,8.89
191,516774.23,483358.4,9.76,10.42,10.7,8.67
192,516773.13,483359.38,9.84,10.23,10.94,9.25
193,516772.47,483360.46,10.07,10.14,10.73,9.06
194,516772.52,483362.48,10.67,10.03,10.62,8.01
195,516771.95,483364.08,10.55,10.33,11.12,8.73
196,516770.13,483365.42,9.54,10.36,11.36,9.02
197,516769.34,483366.52,9.9,9.73,10.69,8.63
198,516768.19,483367.57,10.27,9.93,11.42,8.88
199,516767.64,483368.53,10.34,9.94,10.89,8.98
200,516767.31,483369.22,10.37,9.48,10.7,8.79
201,516767.42,483370.92,10.77,10.64,10.66,8.94
202,516766.86,483372.45,10.07,10.15,10.63,8.62
203,516767.01,483373.69,10.38,10.45,10.23,9.21
204,516766.09,483375.42,10.04,9.76,10.96,8.03
205,516765.61,483376.25,10.53,9.77,11.01,8.94
206,516765.19,483377.46,10.35,9.75,10.77,8.54
207,516764.2,483377.85,10.06,9.6,11.05,9.21
208,516763.39,483379.37,10.01,10.61,10.82,9.09
209,516761.67,483381.23,9.5,9.93,11.22,8.07
210,516761.22,483382.43,9.75,9.96,10.2,8.76
211,516759.31,483383.58,9.63,9.7,11.54,8.55
212,516758.58,483384.29,10.45,9.76,11.18,9.05
213,516758.34,483386.03,10.32,9.87,10.56,8.13
214,516757.1,483387.36,9.74,10.12,10.98,8.79
215,516756.67,483389.0,10.13,10.63,10.56,8.99
216,516756.25,483390.11,10.15,10.14,10.57,9.03
217,516755.42,483391.1,9.94,9.83,10.77,8.84
218,516754.67,483392.41,9.91,10.16,10.66,8.85
219,516753.48,483393.89,9.9,10.36,11.09,8.88
220,516753.13,483394.7,10.12,9.85,10.47,9.04
221,516752.28,483396.26,10.0,10.25,10.85,8.69
222,516751.84,483397.58,10.09,10.23,10.53,8.91
223,516750.93,483398.88,9.65,10.5,10.56,9.2
224,516750.78,483399.54,10.64,9.82,10.79,9.16
225,516749.37,483400.92,9.64,10.53,11.05,9.15
226,516748.55,483402.46,9.89,10.14,10.71,8.6
227,516747.66,483403.34,9.71,10.05,10.6,9.17
228,516746.91,483405.08,10.31,10.89,11.06,9.15
229,516746.05,483406.54,9.56,10.15,10.42,8.69
230,516745.7,483408.51,10.64,10.46,10.99,8.49
231,516744.92,483409.76,10.3,10.14,11.08,8.89
232,516744.9,483410.59,10.33,9.89,10.35,9.06
233,516743.94,483412.16,10.12,10.03,11.08,8.46
234,516742.91,483413.11,9.47,10.09,10.5,9.14
235,516741.63,483414.62,9.72,9.73,11.0,8.22
236,516740.63,483416.33,9.87,10.7,10.87,8.99
237,516739.16,483417.56,9.76,10.16,11.23,8.93
238,516737.6,483418.66,9.77,10.27,11.33,9.17
239,516736.77,483419.76,10.22,10.37,11.05,9.27
240,516735.78,483420.68,10.27,9.89,11.26,8.97
241,516734.99,483422.07,10.36,10.21,11.15,8.82
242,516733.6,483423.44,10.18,9.99,11.57,8.62
243,516733.15,483424.66,10.2,10.46,10.65,9.24
244,516731.41,483426.13,9.5,10.3,11.24,8.83
245,516731.71,483426.6,10.7,9.46,10.4,8.99
246,516730.68,483427.43,9.94,9.4,10.97,8.57
247,516728.41,483428.17,9.43,9.92,11.7,9.18
248,516727.01,483429.86,9.72,10.32,11.12,8.63
249,516726.01,483431.38,9.83,10.29,10.83,8.77
250,516725.76,483432.55,10.12,9.82,10.37,8.65
251,516724.51,483433.94,9.88,10.33,11.13,8.94
252,516723.5,483435.53,9.85,10.56,10.86,8.97
253,516722.74,483436.45,10.12,9.78,10.88,8.86
254,516721.95,483437.55,10.04,10.23,10.83,9.13
255,516720.91,483438.71,10.11,10.11,11.15,8.95
256,516720.05,483439.23,9.94,9.64,10.8,9.12
257,516718.68,483439.86,9.54,9.86,10.91,9.23
258,516717.7,483441.37,10.27,10.06,11.25,8.55
259,516716.57,483441.56,9.87,9.31,11.0,9.12
260,516715.24,483442.58,9.96,9.75,11.29,8.73
261,516713.41,483443.82,9.79,10.12,11.62,8.88
262,516711.97,483445.16,9.78,10.53,11.22,9.19
263,516711.12,483445.09,10.03,9.57,10.88,9.64
264,516710.94,483445.3,10.41,9.61,10.59,9.4
265,516710.51,483446.19,10.45,9.48,10.88,8.59
266,516710.06,483446.36,10.41,9.8,10.86,9.63
267,516708.17,483447.48,9.21,10.05,11.1,8.93
268,516706.73,483449.05,9.96,10.21,11.4,8.64
269,516705.76,483449.72,9.92,9.84,10.89,9.17
270,516704.31,483449.81,9.65,9.82,11.1,9.73
271,516702.88,483450.86,9.88,9.93,11.31,8.88
272,516702.86,483452.25,10.38,10.15,10.4,8.76
273,516702.42,483453.06,10.18,9.89,10.62,9.08
274,516702.02,483454.82,10.07,10.41,10.47,8.65
275,516702.56,483456.14,10.71,10.19,10.17,8.87
276,516701.19,483456.9,10.14,9.68,11.51,8.92
277,516699.7,483458.07,9.69,9.99,11.18,8.82
278,516698.72,483459.05,9.97,10.04,10.95,9.06
279,516697.33,483459.87,9.65,9.91,11.04,9.09
280,516696.37,483460.63,10.02,9.86,10.98,9.1
281,516695.5,483461.77,9.4,9.64,10.27,8.5
282,516694.15,483463.05,9.36,10.37,10.71,9.09
283,516692.99,483463.57,10.12,9.81,11.28,9.29
284,516691.03,483464.36,9.0,9.52,10.96,8.73
285,516689.94,483465.67,9.96,9.9,11.05,8.59
286,516689.04,483465.87,10.28,9.65,11.18,9.45
287,516687.97,483466.93,9.82,10.44,10.89,9.38
288,516686.95,483467.71,9.89,10.21,10.91,9.43
289,516686.03,483469.3,10.19,10.18,11.11,8.59
290,516684.53,483470.02,9.76,9.88,11.26,9.16
291,516684.1,483470.63,10.09,9.89,10.52,9.28
292,516683.62,483471.72,9.89,9.85,10.37,8.76
293,516682.24,483472.89,9.99,9.99,11.37,8.82
294,516681.53,483474.14,10.09,9.87,10.8,8.62
295,516681.29,483475.15,10.54,9.83,10.78,8.82
296,516680.53,483476.69,9.88,10.29,10.64,8.75
297,516679.49,483477.71,9.96,10.32,11.0,9.3
298,516678.58,483477.82,10.47,9.17,11.38,9.06
299,516677.64,483478.79,9.81,9.75,10.75,8.78
300,516677.01,483479.69,10.13,9.81,10.76,8.91
301,516675.75,483481.09,9.88,10.23,11.14,8.83
302,516675.11,483482.14,10.58,9.91,11.22,8.86
303,516674.03,483483.45,9.69,10.34,10.77,9.03
304,516672.69,483485.13,9.59,10.52,10.93,8.84
305,516670.78,483486.12,9.75,9.82,11.66,8.83
306,516669.6,483487.6,10.12,10.27,11.3,8.79
307,516668.4,483488.96,9.57,9.91,10.77,8.55
308,516667.05,483490.41,10.2,10.06,11.55,8.61
309,516665.26,483491.12,9.58,10.06,11.37,9.35
310,516664.57,483492.03,10.54,9.98,11.23,9.07
311,516663.49,483492.77,10.02,9.53,11.1,8.79
312,516662.51,483493.34,9.93,9.69,10.91,9.12
313,516661.8,483493.94,9.99,10.17,10.7,9.57
314,516661.38,483495.03,10.29,10.04,10.71,8.95
315,516660.11,483495.62,9.66,9.9,10.93,9.31
316,516659.56,483496.51,10.33,9.9,10.88,9.01
317,516658.55,483497.51,9.84,10.17,10.85,9.17
318,516657.01,483497.55,9.51,9.55,11.05,9.51
319,516656.39,483498.64,10.24,9.82,10.86,8.73
320,516655.63,483498.71,10.33,9.72,11.09,9.65
321,516654.02,483499.65,9.61,9.71,11.22,8.77
322,516653.47,483500.68,10.14,9.66,10.69,8.63
323,516652.4,483501.24,9.75,9.94,10.82,9.38
324,516651.33,483501.71,10.2,10.0,11.27,9.53
325,516649.45,483502.23,9.76,9.8,11.64,9.28
326,516648.57,483502.96,10.28,9.93,11.16,9.2
327,516647.18,483503.17,9.9,9.5,11.29,9.29
328,516645.57,483504.39,9.66,10.25,11.27,9.03
329,516643.93,483505.6,9.35,10.19,10.99,8.98
330,516643.48,483505.89,10.35,9.3,10.8,9.01
331,516642.48,483506.22,9.98,9.71,10.98,9.38
332,516641.51,483506.84,10.18,9.85,11.15,9.23
333,516639.89,483507.8,9.87,9.92,11.49,8.96
334,516638.45,483508.11,9.47,9.56,10.91,9.25
335,516637.51,483509.12,9.91,10.04,10.85,9.03
336,516636.82,483509.92,10.11,9.91,10.8,9.11
337,516635.54,483510.88,9.89,9.95,11.17,8.99
338,516633.92,483511.7,9.67,9.8,11.29,8.98
339,516633.06,483512.44,9.77,9.85,10.63,9.11
340,516631.67,483513.45,9.81,10.08,11.2,9.07
341,516630.71,483514.06,10.14,9.71,11.1,9.1
342,516629.25,483514.32,9.61,9.57,11.07,9.31
343,516627.7,483515.07,9.66,9.72,11.21,8.97
344,516626.41,483515.35,9.41,9.88,10.7,9.6
345,516625.02,483516.39,10.32,10.22,11.71,9.18
346,516623.46,483517.39,9.89,10.01,11.45,9.01
347,516621.94,483518.96,10.08,10.45,11.6,8.88
348,516620.99,483519.17,9.93,9.57,10.88,9.36
349,516620.32,483520.9,10.19,10.33,10.86,8.6
350,516619.54,483522.16,10.1,10.33,10.88,9.07
351,516618.48,483523.67,10.13,10.47,11.19,8.96
352,516617.41,483524.23,9.89,9.9,10.96,9.34
353,516616.88,483525.34,10.7,10.05,11.23,8.94
354,516615.85,483525.59,9.91,9.36,10.94,9.11
355,516613.8,483526.44,9.73,9.68,11.78,8.83
356,516612.6,483527.25,10.05,10.07,11.25,9.26
357,516611.48,483527.6,10.02,9.66,11.14,9.31
358,516610.27,483529.02,10.12,10.27,11.33,8.85
359,516609.09,483530.15,9.97,10.32,11.15,9.19
360,516608.21,483531.02,10.06,9.78,10.94,8.91
361,516606.7,483532.16,9.6,9.74,11.11,8.6
362,516606.1,483532.44,10.22,9.43,10.82,9.15
363,516604.92,483533.45,9.56,10.02,10.74,9.01
364,516604.13,483534.56,10.38,10.26,11.17,9.15
365,516603.46,483536.07,10.15,10.37,10.82,8.86
366,516601.96,483536.49,10.03,9.9,11.53,9.48
367,516601.23,483537.18,10.44,9.64,11.17,8.95
368,516600.53,483538.21,10.51,10.01,11.21,8.98
369,516599.16,483539.06,10.1,9.81,11.47,8.96
370,516597.43,483539.46,9.83,9.67,11.56,9.27
371,516596.01,483539.85,9.86,9.63,11.28,9.24
372,516594.95,483540.83,10.01,9.91,11.07,8.93
373,516593.11,483541.92,9.66,10.01,11.5,8.92
374,516592.6,483541.75,10.19,9.6,10.7,9.77
375,516591.67,483542.1,10.23,9.56,11.16,9.21
376,516590.49,483543.16,9.86,10.07,11.04,9.01
377,516589.41,483544.09,9.67,10.39,10.75,9.46
378,516588.42,483545.69,10.42,10.41,11.41,8.81
379,516587.11,483547.29,9.89,10.13,11.2,8.53
380,516586.48,483548.01,10.21,9.98,10.84,9.26
381,516585.63,483549.02,10.02,9.79,10.87,8.78
382,516584.32,483549.57,10.09,9.94,11.4,9.39
383,516583.28,483550.69,10.19,9.99,11.23,8.87
384,516582.49,483551.4,9.85,9.94,10.64,9.23
385,516581.26,483551.75,9.84,9.6,11.07,9.25
386,516579.99,483553.32,10.09,10.19,11.36,8.62
387,516579.09,483553.6,10.0,9.65,10.9,9.37
388,516576.71,483554.68,9.54,9.94,11.92,8.86
389,516576.78,483556.29,10.63,10.13,10.56,8.52
390,516574.83,483556.35,9.64,9.56,11.59,9.5
391,516573.62,483556.61,9.75,9.83,10.96,9.57
392,516572.04,483556.86,9.84,9.95,11.42,9.7
393,516570.62,483557.23,10.07,9.9,11.49,9.53
394,516569.07,483557.67,9.65,9.85,11.2,9.41
395,516567.28,483558.37,9.89,9.53,11.68,8.83
396,516566.22,483558.71,10.19,9.92,11.25,9.58
397,516564.62,483559.09,9.62,9.8,11.22,9.42
398,516563.23,483559.46,10.3,9.49,11.69,9.12
399,516562.15,483559.45,10.02,9.39,11.1,9.4
400,516560.79,483559.88,10.31,9.71,11.67,9.28
401,516559.09,483559.97,9.63,9.73,11.33,9.64
402,516558.01,483561.08,9.72,10.06,10.8,8.95
403,516556.49,483561.65,10.13,9.91,11.65,9.34
404,516555.62,483562.66,10.27,9.78,11.14,8.77
405,516554.38,483563.7,9.84,10.44,11.08,9.4
406,516553.68,483564.21,9.88,10.06,10.58,9.55
407,516552.2,483565.14,9.69,9.88,11.17,8.95
408,516551.88,483564.87,10.19,9.47,10.51,9.74
409,516551.91,483565.28,10.74,9.67,10.71,9.26
410,516550.67,483566.23,9.96,10.21,11.2,9.26
411,516550.03,483567.16,10.3,9.66,10.94,8.73
412,516549.15,483567.61,10.24,9.5,11.12,9.05
413,516547.69,483568.42,9.68,10.05,11.14,9.24
414,516546.36,483570.4,10.18,10.3,11.51,8.32
415,516544.87,483571.31,9.75,10.01,11.24,9.1
416,516543.3,483572.15,10.01,9.59,11.58,8.75
417,516542.05,483573.21,9.94,10.36,11.19,9.3
418,516540.68,483573.69,10.01,9.56,11.38,9.08
419,516539.45,483574.54,10.29,10.13,11.52,9.28
420,516538.76,483575.76,10.38,10.35,11.07,9.13
421,516537.11,483576.74,9.9,10.05,11.55,9.07
422,516535.97,483578.14,9.9,10.08,11.04,8.68
423,516534.46,483579.11,10.07,10.21,11.58,9.24
424,516533.37,483579.81,10.11,9.99,11.2,9.29
425,516531.52,483580.07,9.4,9.69,11.25,9.43
426,516529.79,483581.47,9.52,9.77,11.25,8.37
427,516527.97,483582.06,9.71,10.04,11.53,9.45
428,516526.63,483582.25,10.12,9.66,11.46,9.47
429,516526.14,483583.39,9.76,9.7,10.25,8.56
430,516525.32,483584.34,10.16,10.33,10.98,9.38
431,516524.16,483585.05,10.4,9.9,11.56,9.19
432,516522.94,483585.12,9.87,9.65,11.09,9.58
433,516522.19,483585.57,9.94,9.82,10.69,9.37
434,516521.94,483585.52,10.57,9.21,10.82,9.26
435,516520.59,483585.26,10.18,9.27,11.53,9.53
436,516518.99,483585.96,9.56,10.08,11.16,9.38
437,516518.22,483586.74,10.18,9.84,10.95,9.06
438,516517.26,483587.83,9.72,10.6,10.68,9.51
439,516516.48,483587.64,10.17,9.28,10.95,9.47
440,516514.81,483588.61,9.81,10.0,11.48,9.03
441,516513.66,483589.71,10.11,10.19,11.26,9.09
442,516511.36,483590.22,9.36,9.73,11.66,9.22
443,516509.13,483591.29,9.72,9.8,11.95,8.73
444,516507.52,483592.54,10.08,10.17,11.69,8.92
445,516506.15,483593.15,9.71,9.87,11.08,9.26
446,516504.91,483593.71,9.75,9.5,10.99,8.94
447,516504.43,483594.59,10.43,10.15,10.91,9.27
448,516503.13,483595.24,10.08,10.13,11.38,9.48
449,516501.72,483596.27,9.45,9.96,10.86,8.93
450,516499.77,483596.29,10.03,9.58,11.98,9.56
451,516498.21,483596.14,10.11,9.4,11.67,9.55
452,516497.16,483597.06,10.02,10.06,11.07,9.14
453,516495.85,483597.97,10.0,9.8,11.31,8.89
454,516494.43,483598.65,9.89,10.07,11.31,9.39
455,516491.73,483599.03,9.24,9.4,11.94,9.02
456,516491.65,483599.51,10.86,9.82,10.94,9.34
457,516490.52,483599.55,10.05,9.36,11.18,9.32
458,516488.5,483600.58,9.9,9.87,11.92,8.84
459,516487.21,483601.03,10.15,9.71,11.44,9.26
460,516486.04,483602.15,10.08,10.25,11.25,9.13
461,516484.6,483602.52,10.15,9.79,11.59,9.42
462,516483.62,483603.84,9.97,10.02,10.95,8.7
463,516481.99,483604.87,9.69,10.37,11.32,9.34
464,516480.54,483604.94,9.17,9.24,10.62,9.17
465,516479.02,483605.63,10.11,9.59,11.63,8.9
466,516477.45,483606.01,10.39,9.56,11.96,9.18
467,516476.23,483606.54,9.91,9.79,11.13,9.26
468,516474.79,483607.05,10.21,10.18,11.65,9.67
469,516473.92,483608.28,9.93,9.96,10.8,8.73
470,516472.35,483608.96,9.5,9.88,11.07,9.2
471,516471.23,483608.54,9.9,9.05,11.02,9.47
472,516470.17,483608.92,9.69,9.7,10.75,9.32
473,516468.97,483609.31,10.04,9.59,11.24,9.2
474,516467.35,483610.06,10.41,10.09,12.03,9.34
475,516465.64,483610.56,9.65,10.0,11.36,9.5
476,516463.79,483611.34,9.62,9.9,11.47,9.12
477,516462.5,483612.13,10.31,10.1,11.6,9.31
478,516461.1,483613.17,10.13,10.23,11.53,9.19
479,516459.2,483614.11,9.41,9.95,11.31,9.01
480,516458.32,483614.42,9.91,9.51,10.79,9.2
481,516456.4,483615.21,9.78,10.35,11.7,9.56
482,516454.58,483616.13,9.84,10.13,11.66,9.21
483,516453.4,483617.16,9.5,9.96,10.68,8.93
484,516451.14,483618.14,9.57,9.98,11.83,9.0
485,516449.36,483618.5,9.69,9.84,11.47,9.48
486,516447.28,483619.28,9.56,10.15,11.64,9.37
487,516444.59,483620.17,9.49,10.3,12.18,9.41
488,516442.64,483620.98,9.88,10.1,11.83,9.29
489,516439.91,483620.2,9.5,9.12,12.23,9.9
490,516439.28,483620.07,10.3,9.23,10.93,9.36
491,516437.7,483620.66,9.55,10.05,11.13,9.46
492,516435.72,483621.94,9.6,10.2,11.58,8.92
493,516434.83,483622.81,10.05,9.89,10.94,9.02
494,516433.4,483623.9,9.86,10.12,11.29,9.03
495,516432.1,483624.17,9.66,9.64,10.96,9.37
496,516430.47,483625.25,10.44,10.4,12.07,9.32
497,516428.7,483625.52,9.9,9.32,11.67,9.05
498,516427.76,483625.83,10.11,9.29,11.05,8.98
499,516426.24,483625.54,9.64,9.44,11.16,9.73
500,516424.11,483626.19,9.64,10.05,11.77,9.4
501,516422.69,483626.84,9.63,10.02,11.05,9.37
502,516421.7,483627.16,10.23,9.79,11.22,9.47
503,516420.68,483627.36,9.93,9.85,10.95,9.65
504,516418.84,483627.67,10.09,9.57,11.93,9.26
505,516417.49,483627.86,9.29,9.95,10.64,9.76
506,516416.01,483627.85,10.13,9.1,11.61,9.11
507,516414.33,483628.31,9.84,9.95,11.52,9.49
508,516413.2,483628.58,10.0,9.81,11.13,9.54
509,516411.94,483630.0,9.56,10.25,10.82,8.83
510,516410.37,483631.25,9.93,9.94,11.5,8.69
511,516407.91,483631.56,9.57,9.78,12.03,9.47
512,516406.81,483632.95,10.05,10.03,11.15,8.64
513,516405.8,483632.89,9.86,9.76,10.87,9.82
514,516405.14,483632.8,10.09,9.53,10.75,9.62
515,516403.04,483632.83,9.52,9.7,11.62,9.67
516,516401.62,483632.71,9.43,9.94,10.85,10.06
517,516400.03,483633.13,9.32,10.17,10.91,9.75
518,516398.89,483633.44,10.3,9.51,11.44,9.2
519,516397.12,483633.76,9.34,10.19,11.11,9.87
520,516395.48,483634.14,9.88,9.75,11.52,9.37
521,516393.67,483634.3,9.84,9.77,11.65,9.61
522,516392.12,483635.04,9.35,9.8,10.9,9.06
523,516390.76,483634.89,10.08,9.47,11.44,9.62
524,516389.58,483635.14,9.93,9.48,11.11,9.23
525,516388.85,483635.85,10.28,9.73,11.01,9.02
526,516386.85,483636.85,9.61,10.06,11.61,9.06
527,516385.58,483636.85,9.42,9.77,10.69,9.77
528,516384.79,483637.42,10.37,9.98,11.16,9.41
529,516382.96,483637.03,9.9,9.36,11.73,9.75
530,516380.66,483637.8,9.3,10.14,11.6,9.37
531,516378.9,483638.78,9.4,10.17,11.16,9.19
532,516377.52,483639.17,9.98,9.49,11.36,9.1
533,516376.51,483639.27,9.94,9.55,10.95,9.45
534,516375.02,483639.07,9.46,9.36,10.95,9.56
535,516373.72,483639.64,10.04,9.74,11.34,9.17
536,516371.51,483639.72,9.51,9.92,11.72,9.84
537,516369.4,483639.85,9.64,9.59,11.75,9.46
538,516367.8,483639.91,9.85,9.24,11.45,9.18
539,516365.17,483640.83,9.29,10.31,11.92,9.39
540,516364.05,483641.36,9.98,9.85,11.1,9.32
541,516362.33,483642.03,9.97,10.45,11.69,9.78
542,516361.57,483643.02,10.06,10.23,10.82,9.24
543,516359.89,483643.6,9.42,10.08,11.1,9.5
544,516358.5,483643.95,9.95,10.14,11.34,9.79
545,516357.57,483644.71,10.02,10.47,10.95,9.71
546,516355.51,483645.2,9.23,10.03,11.29,9.54
547,516354.24,483645.08,10.06,9.5,11.33,9.62
548,516352.5,483646.07,9.71,10.05,11.45,9.06
549,516350.99,483647.11,9.81,10.18,11.32,9.14
550,516350.28,483647.48,10.12,9.9,10.83,9.53
551,516348.51,483648.29,9.49,9.82,11.26,9.01
552,516347.2,483648.72,9.72,9.77,11.03,9.34
553,516345.75,483649.25,9.69,10.0,11.14,9.47
554,516344.31,483649.91,9.9,9.62,11.34,8.96
555,516343.4,483649.54,9.99,9.61,10.9,9.98
556,516342.32,483650.35,10.3,10.44,11.38,9.63
557,516340.21,483651.64,9.86,9.98,11.97,8.69
558,516338.03,483652.04,9.58,9.74,11.76,9.34
559,516337.72,483652.59,10.62,10.12,10.93,9.57
560,516335.78,483653.0,9.83,9.96,11.77,9.55
561,516334.22,483653.19,10.09,9.15,11.65,8.96
562,516332.97,483653.59,10.2,9.63,11.45,9.23
563,516331.43,483654.43,9.78,9.88,11.32,9.04
564,516330.5,483654.95,10.08,10.01,11.01,9.49
565,516328.71,483655.44,9.48,10.14,11.27,9.65
566,516327.62,483655.4,9.71,9.53,10.8,9.57
567,516325.88,483656.29,9.38,10.39,11.12,9.5
568,516324.48,483656.89,9.84,9.84,11.24,9.24
569,516321.98,483657.22,9.64,9.98,12.14,9.65
570,516320.76,483658.16,9.8,10.44,11.02,9.5
571,516318.03,483658.69,9.13,10.13,11.86,9.6
572,516315.98,483658.53,9.65,9.92,11.7,10.08
573,516314.81,483659.2,9.96,9.74,11.13,9.07
574,516312.48,483659.76,10.17,9.98,12.5,9.42
575,516310.54,483659.62,9.52,10.0,11.46,10.14
576,516308.1,483659.51,9.64,9.68,12.08,9.79
577,516306.98,483660.01,10.28,9.55,11.4,9.05
578,516304.46,483659.53,9.56,9.4,12.08,9.88
579,516303.25,483660.62,10.09,10.32,11.3,9.23
580,516301.54,483661.16,9.75,9.63,11.46,9.09
581,516300.19,483661.6,10.04,9.95,11.39,9.51
582,516298.26,483661.21,9.84,9.63,11.77,10.02
583,516297.21,483661.81,10.26,10.0,11.31,9.4
584,516294.96,483663.0,9.58,9.97,11.83,8.78
585,516293.41,483663.63,10.01,9.81,11.56,9.18
586,516291.5,483664.03,10.43,9.44,12.34,9.04
587,516289.32,483664.03,9.97,9.79,12.15,9.79
588,516287.95,483664.47,9.91,10.38,11.28,9.94
589,516286.29,483664.13,9.71,9.39,11.37,9.73
590,516284.93,483664.07,9.65,9.54,11.01,9.6
591,516283.41,483664.81,9.89,10.32,11.41,9.58
592,516280.64,483666.34,9.37,10.66,12.14,9.13
593,516279.29,483667.71,9.83,10.15,11.18,8.78
594,516277.99,483667.49,9.55,9.72,10.85,9.94
595,516276.57,483667.69,10.13,9.82,11.55,9.62
596,516275.64,483668.58,10.6,10.22,11.53,9.33
597,516274.22,483668.83,10.09,9.99,11.51,9.74
598,516272.34,483669.06,9.46,9.83,11.34,9.6
599,516270.94,483668.98,10.17,9.66,11.57,9.74
600,516269.56,483669.78,9.83,9.84,11.21,9.04
601,516268.11,483669.63,9.85,9.39,11.3,9.54
602,516266.01,483669.17,9.58,9.51,11.68,9.97
603,516263.86,483669.82,9.81,9.58,11.96,8.93
604,516262.08,483670.11,10.15,9.76,11.93,9.47
605,516260.21,483670.55,9.85,10.06,11.72,9.62
606,516258.57,483671.21,9.61,10.52,11.25,9.86
607,516257.01,483671.35,9.9,9.73,11.46,9.59
608,516255.75,483671.66,9.96,9.37,11.22,9.06
609,516254.45,483672.43,9.92,10.22,11.22,9.45
610,516252.35,483672.39,9.67,9.71,11.77,9.75
611,516251.15,483672.62,10.14,9.87,11.34,9.64
612,516249.12,483673.3,9.75,9.59,11.78,8.91
613,516247.35,483673.7,9.41,9.89,11.18,9.49
614,516246.08,483673.89,10.1,9.74,11.37,9.55
615,516244.7,483674.59,10.05,10.17,11.43,9.47
616,516243.18,483674.85,9.89,9.93,11.41,9.67
617,516240.53,483675.12,9.36,9.67,12.01,9.4
618,516239.14,483674.74,9.88,9.45,11.27,9.83
619,516237.58,483674.85,9.89,9.7,11.45,9.59
620,516236.44,483675.44,10.16,9.58,11.3,8.99
621,516235.25,483675.47,10.05,9.65,11.24,9.62
622,516233.12,483675.74,9.91,10.21,12.04,9.94
623,516231.28,483676.18,9.33,10.24,11.17,9.8
624,516228.79,483676.94,9.92,9.93,12.41,9.17
625,516227.55,483677.59,10.14,9.54,11.38,8.89
626,516225.0,483677.69,9.76,9.74,12.31,9.64
627,516223.04,483677.17,9.76,9.44,11.72,9.96
628,516221.35,483677.04,9.8,9.23,11.49,9.36
629,516219.0,483677.41,9.51,10.19,11.86,9.82
630,516217.0,483677.86,9.6,9.57,11.6,9.12
631,516215.1,483677.9,9.61,9.75,11.51,9.71
632,516212.99,483677.97,9.37,9.43,11.48,9.36
633,516210.92,483678.5,9.42,9.7,11.49,9.17
634,516208.98,483678.1,9.5,9.54,11.44,9.94
635,516206.78,483678.41,9.58,9.96,11.78,9.65
636,516205.08,483679.17,10.46,9.87,12.16,9.11
637,516203.52,483678.83,9.46,9.65,11.02,9.99
638,516202.03,483679.05,9.81,9.95,11.3,9.73
639,516199.7,483679.59,9.74,10.05,12.07,9.51
640,516197.92,483679.78,9.59,10.05,11.37,9.86
641,516195.35,483679.85,9.23,9.75,11.8,9.68
642,516193.73,483679.27,9.7,9.29,11.32,9.87
643,516192.13,483678.87,9.36,9.13,10.96,9.53
644,516189.98,483678.83,9.55,9.72,11.7,9.76
645,516187.9,483679.09,9.65,9.98,11.73,9.72
646,516186.35,483679.09,9.87,9.55,11.42,9.55
647,516184.94,483680.04,9.63,10.2,11.04,9.25
648,516183.39,483680.81,9.86,10.07,11.41,9.3
649,516182.0,483681.35,10.15,9.95,11.54,9.41
650,516179.88,483681.23,9.56,9.57,11.68,9.69
651,516178.89,483681.82,10.13,9.7,11.12,9.11
652,516176.98,483681.84,9.65,9.89,11.56,9.87
653,516175.46,483681.76,9.84,9.49,11.36,9.57
654,516174.03,483682.79,9.8,9.95,11.23,8.92
655,516173.33,483683.44,10.32,10.14,11.02,9.49
656,516171.56,483683.59,9.67,9.62,11.44,9.47
657,516169.58,483684.01,9.94,9.75,11.92,9.33
658,516167.0,483684.58,9.66,9.97,12.24,9.4
659,516164.92,483684.39,9.77,9.48,11.85,9.67
660,516163.67,483684.44,10.06,9.8,11.31,9.75
661,516161.9,483684.8,9.84,10.17,11.61,9.81
662,516159.89,483685.82,9.52,10.18,11.53,9.16
663,516158.49,483686.02,9.68,9.89,11.08,9.69
664,516156.2,483685.66,9.16,9.77,11.45,10.13
665,516154.51,483685.33,9.74,9.53,11.43,9.86
666,516153.65,483685.39,10.41,9.8,11.27,9.74
667,516152.1,483685.56,9.73,9.2,11.28,9.03
668,516149.74,483685.8,9.85,9.85,12.21,9.61
669,516147.53,483686.24,9.45,9.74,11.66,9.3
670,516145.44,483686.12,9.75,9.73,11.84,9.85
671,516144.3,483685.87,9.72,9.46,10.86,9.71
672,516142.82,483686.32,10.24,9.92,11.72,9.47
673,516141.13,483686.9,9.38,9.89,11.07,9.31
674,516138.69,483686.27,9.47,9.45,11.91,10.08
675,516136.7,483686.81,9.69,10.03,11.68,9.49
676,516135.21,483687.22,9.49,10.03,10.98,9.62
677,516133.26,483687.06,9.69,9.28,11.64,9.44
678,516130.76,483687.52,9.29,10.26,11.79,9.8
679,516128.99,483686.92,9.96,9.41,11.73,10.01
680,516127.71,483687.65,9.7,9.81,10.98,9.08
681,516125.92,483687.21,9.59,9.4,11.38,9.84
682,516124.82,483687.41,9.99,9.97,11.09,9.77
683,516122.45,483688.31,9.21,10.0,11.58,9.1
684,516120.21,483688.53,10.21,9.82,12.45,9.6
685,516117.74,483688.52,9.44,9.58,11.91,9.59
686,516116.33,483688.84,10.2,9.95,11.61,9.63
687,516115.04,483689.05,10.15,9.56,11.44,9.35
688,516113.12,483689.26,9.73,9.96,11.65,9.75
689,516112.39,483690.24,10.24,9.77,10.97,8.79
690,516109.52,483689.77,9.32,9.51,12.19,9.98
691,516108.36,483689.78,10.53,9.95,11.69,9.94
692,516106.64,483689.76,9.83,9.63,11.55,9.65
693,516105.2,483690.07,10.15,9.66,11.59,9.35
694,516102.29,483690.24,9.11,9.99,12.02,9.82
695,516099.96,483689.81,9.25,9.39,11.58,9.82
696,516097.87,483689.17,9.67,9.47,11.76,10.11
697,516095.81,483689.0,9.56,9.85,11.62,10.02
698,516093.12,483689.64,9.25,9.71,11.94,9.07
699,516091.44,483689.47,10.23,9.52,11.91,9.69
700,516090.21,483689.37,10.38,9.88,11.61,9.98
701,516088.91,483689.34,9.6,9.61,10.9,9.64
702,516087.62,483689.38,9.89,9.52,11.18,9.48
703,516085.17,483689.11,9.58,9.47,12.03,9.74
704,516083.6,483688.62,9.9,9.6,11.47,10.09
705,516081.96,483688.56,9.93,9.85,11.57,9.91
706,516080.89,483688.23,10.33,9.44,11.4,9.77
707,516078.76,483688.44,9.69,9.96,11.82,9.75
708,516076.59,483689.73,10.03,10.34,12.2,9.05
709,516074.96,483690.34,9.81,10.03,11.44,9.42
710,516073.21,483689.8,9.96,8.79,11.71,9.33
711,516071.35,483690.21,9.84,9.66,11.7,9.25
712,516069.72,483690.11,10.05,9.94,11.68,10.04
713,516068.4,483690.49,10.25,9.84,11.57,9.46
714,516067.03,483690.62,9.74,9.66,11.11,9.53
715,516064.86,483690.36,9.84,9.7,12.01,9.96
716,516062.7,483689.97,9.42,9.89,11.58,10.28
717,516061.27,483689.33,10.17,9.08,11.6,9.72
718,516060.26,483689.26,10.09,9.39,11.1,9.46
719,516058.4,483689.06,9.72,9.62,11.58,9.82
720,516056.9,483690.16,10.0,10.19,11.5,9.09
721,516055.1,483690.18,9.91,9.96,11.71,9.94
722,516053.3,483690.42,9.48,9.68,11.28,9.44
723,516051.6,483690.57,9.78,9.77,11.48,9.62
724,516049.48,483690.5,9.65,9.7,11.77,9.77
725,516047.32,483690.2,9.35,9.39,11.51,9.69
726,516045.74,483690.37,9.9,10.27,11.48,10.1
727,516044.43,483690.11,9.42,9.67,10.73,9.93
728,516042.53,483690.23,9.45,9.45,11.35,9.33
729,516040.67,483690.63,10.47,10.15,12.33,9.75
730,516038.09,483690.97,9.54,10.34,12.12,10.0
731,516036.44,483691.29,9.74,9.81,11.39,9.49
732,516034.56,483691.1,9.8,9.43,11.68,9.62
733,516032.62,483691.3,9.91,9.67,11.85,9.47
734,516030.32,483692.51,9.34,10.38,11.64,9.17
735,516029.49,483692.91,10.27,10.36,11.1,9.96
736,516027.82,483693.02,10.11,9.76,11.78,9.65
737,516026.02,483692.61,9.76,9.34,11.56,9.75
738,516023.87,483693.77,9.61,10.47,11.76,9.31
739,516021.59,483693.97,9.11,9.94,11.39,9.74
740,516020.1,483693.62,9.62,9.4,11.11,9.75
741,516018.31,483693.12,9.45,9.15,11.24,9.65
742,516017.03,483693.61,10.31,10.3,11.59,9.81
743,516014.43,483693.66,9.38,9.49,11.98,9.44
744,516012.24,483693.81,9.77,9.36,11.96,9.21
745,516010.21,483694.39,9.64,9.68,11.67,9.1
746,516008.29,483694.27,9.26,9.54,11.18,9.66
747,516006.64,483694.25,9.89,9.75,11.54,9.77
748,516004.37,483693.37,9.83,9.25,12.1,10.13
749,516002.08,483693.57,9.81,9.54,12.1,9.34
750,516000.17,483693.61,9.29,9.86,11.2,9.82
751,515997.51,483693.8,9.66,10.08,12.32,9.89
752,515995.99,483693.37,10.06,9.43,11.58,9.86
753,515993.3,483693.67,9.66,9.75,12.35,9.45
754,515991.28,483693.99,9.42,9.85,11.44,9.53
755,515990.02,483694.49,10.07,9.73,11.33,9.23
756,515987.95,483694.35,9.86,9.75,11.93,9.89
757,515985.99,483694.25,9.94,9.57,11.9,9.67
758,515984.59,483693.46,9.99,9.74,11.39,10.53
759,515982.68,483693.41,9.78,9.78,11.69,9.83
760,515980.52,483692.92,9.42,9.41,11.58,9.9
761,515978.86,483693.02,9.97,9.72,11.63,9.62
762,515976.08,483692.3,9.33,9.01,12.11,9.73
763,515973.32,483692.33,9.09,10.09,11.85,10.06
764,515970.63,483692.59,9.27,9.81,11.96,9.55
765,515968.68,483692.45,9.26,9.98,11.21,10.12
766,515966.61,483692.95,9.52,9.85,11.59,9.35
767,515965.11,483692.92,9.77,9.56,11.27,9.59
768,515962.84,483692.83,9.42,9.78,11.69,9.87
769,515961.69,483693.33,9.88,9.61,11.03,9.11
770,515959.5,483693.3,9.66,9.69,11.85,9.72
771,515957.43,483693.09,9.61,9.82,11.68,10.03
772,515955.42,483693.53,9.8,9.82,11.81,9.38
773,515954.09,483693.53,10.08,9.5,11.41,9.5
774,515952.34,483693.94,10.2,10.19,11.95,9.78
775,515950.52,483693.81,10.11,9.32,11.93,9.45
776,515949.08,483693.92,10.2,9.74,11.64,9.63
777,515947.54,483694.16,10.16,9.58,11.7,9.34
778,515945.42,483694.16,9.84,9.55,11.96,9.55
779,515943.48,483694.27,9.54,9.37,11.48,9.26
780,515941.66,483694.63,9.9,9.47,11.72,9.11
781,515940.09,483695.9,9.6,10.62,11.17,9.35
782,515938.45,483696.4,9.93,10.45,11.57,9.95
783,515935.74,483695.6,9.53,9.26,12.24,10.06
784,515934.08,483696.43,10.15,10.02,11.81,9.19
785,515932.39,483696.03,9.8,9.74,11.49,10.14
786,515929.4,483696.09,8.83,9.68,11.82,9.62
787,515928.37,483696.39,10.25,10.07,11.28,9.77
788,515926.9,483696.0,10.11,9.66,11.58,10.05
789,515924.54,483696.24,9.47,9.62,11.83,9.38
790,515923.01,483695.83,10.16,9.54,11.69,9.95
791,515920.91,483694.9,9.8,9.08,11.9,10.01
792,515918.92,483695.28,9.73,10.27,11.72,9.89
793,515917.0,483694.7,9.83,9.07,11.75,9.65
794,515915.57,483694.24,10.17,9.71,11.6,10.17
795,515912.69,483694.07,8.92,9.7,11.8,9.87
796,515909.83,483693.81,9.5,9.55,12.36,9.81
797,515908.28,483693.77,10.15,9.65,11.7,9.69
798,515905.93,483693.92,9.74,9.79,12.09,9.64
799,515904.83,483693.94,10.2,9.89,11.3,9.87
800,515902.02,483694.0,9.17,9.88,11.98,9.82
801,515899.71,483693.34,9.76,9.53,12.07,10.19
802,515897.16,483693.65,9.44,9.67,11.99,9.36
803,515894.73,483693.95,9.46,10.26,11.89,9.96
804,515892.67,483693.91,9.5,9.67,11.56,9.71
805,515890.89,483694.83,9.76,10.29,11.54,9.37
806,515889.09,483694.91,9.63,9.9,11.43,9.82
807,515886.32,483695.1,9.37,9.57,12.14,9.38
808,515885.21,483693.57,9.97,9.12,11.08,10.65
809,515883.42,483693.76,10.05,10.01,11.84,9.82
810,515881.64,483693.18,9.92,10.08,11.7,10.66
811,515880.22,483692.66,10.1,9.5,11.52,10.02
812,515878.39,483692.12,9.75,9.28,11.58,9.82
813,515876.32,483692.14,9.14,9.63,11.21,9.61
814,515874.47,483691.67,10.07,9.57,11.92,10.04
815,515872.08,483691.78,9.73,10.0,12.12,9.89
816,515870.58,483692.37,9.77,10.34,11.27,9.75
817,515868.85,483691.98,9.66,9.43,11.39,9.82
818,515867.27,483691.51,10.17,9.14,11.75,9.61
819,515865.57,483692.2,9.88,10.1,11.58,9.41
820,515863.55,483692.17,9.58,9.79,11.6,9.82
821,515861.82,483692.26,9.52,9.51,11.25,9.42
822,515860.04,483692.1,10.02,9.41,11.8,9.57
823,515857.94,483691.69,9.8,9.12,11.9,9.53
824,515855.9,483691.64,9.59,9.42,11.63,9.47
825,515853.47,483691.4,9.5,9.51,11.93,9.75
826,515851.63,483690.95,9.8,9.4,11.64,9.85
827,515850.5,483691.53,10.59,10.08,11.72,9.5
828,515848.7,483691.75,9.51,9.64,11.31,9.42
829,515847.46,483691.61,10.21,9.95,11.45,10.09
830,515846.02,483691.9,9.91,9.66,11.35,9.37
831,515843.49,483692.2,9.41,10.15,11.94,9.85
832,515840.42,483691.66,9.24,9.18,12.31,9.72
833,515838.68,483691.43,10.02,9.42,11.76,9.65
834,515836.9,483690.52,9.31,8.88,11.09,9.79
835,515834.24,483690.02,9.81,9.62,12.47,10.12
836,515831.85,483689.24,9.53,8.85,11.92,9.63
837,515829.75,483688.69,9.66,9.76,11.76,10.31
838,515828.06,483688.24,10.11,9.77,11.8,10.22
839,515825.49,483687.28,9.44,9.42,12.01,10.38
840,515823.22,483687.79,9.61,9.93,11.88,9.42
841,515821.4,483686.5,9.97,9.11,11.79,10.4
842,515819.53,483686.24,10.05,9.57,11.92,9.83
843,515818.07,483686.06,9.91,9.57,11.37,9.75
844,515815.95,483685.96,9.62,9.77,11.74,9.87
845,515813.86,483685.62,9.48,9.68,11.57,10.02
846,515811.78,483685.73,9.66,10.11,11.74,10.0
847,515809.68,483686.18,9.28,10.0,11.38,9.55
848,515807.46,483686.25,9.46,9.7,11.68,9.63
849,515805.6,483686.64,9.93,10.22,11.79,9.83
850,515803.67,483686.46,9.63,9.54,11.56,9.72
851,515801.38,483685.8,9.35,9.66,11.64,10.32
852,515799.63,483684.85,9.36,9.45,11.11,10.4
853,515797.62,483685.46,10.05,9.87,12.06,9.26
854,515795.49,483685.16,9.73,9.59,11.86,9.89
855,515792.31,483684.7,9.25,9.55,12.43,10.01
856,515790.09,483685.01,9.3,10.22,11.52,9.91
857,515787.91,483684.9,9.86,9.55,12.04,9.66
858,515785.92,483684.71,9.83,9.74,11.82,9.93
859,515783.9,483684.24,9.7,9.7,11.72,10.17
860,515781.69,483683.73,9.77,9.42,11.98,9.93
861,515778.99,483683.5,9.49,9.41,12.19,9.64
862,515777.01,483683.28,9.65,9.53,11.63,9.75
863,515775.3,483682.93,9.33,9.77,11.04,10.12
864,515772.81,483682.95,9.72,9.93,12.21,9.91
865,515770.4,483682.57,9.57,9.63,11.98,10.01
866,515768.29,483681.78,9.83,9.4,11.94,10.19
867,515766.57,483680.88,9.89,9.08,11.61,9.98
868,515764.53,483680.42,9.62,9.49,11.66,9.95
869,515761.93,483680.09,9.72,9.37,12.32,9.7
870,515759.84,483679.81,10.0,9.48,12.09,9.76
871,515757.63,483679.87,9.53,9.88,11.74,9.82
872,515754.74,483679.43,9.08,9.95,11.97,10.39
873,515752.07,483678.84,9.84,9.32,12.51,9.91
874,515749.45,483678.32,9.65,9.69,12.27,10.21
875,515747.38,483676.88,9.55,9.18,11.62,10.62
876,515744.98,483676.8,9.4,9.71,11.8,9.79
877,515742.07,483677.12,9.56,9.85,12.47,9.53
878,515740.05,483677.18,9.69,9.47,11.71,9.41
879,515738.45,483677.21,9.88,9.41,11.48,9.38
880,515736.47,483677.13,9.36,9.73,11.34,9.81
881,515734.68,483676.17,9.06,9.53,10.85,10.49
882,515732.31,483676.28,9.65,9.78,12.02,9.67
883,515730.69,483676.82,9.48,10.39,11.1,9.85
884,515729.0,483676.89,10.07,9.58,11.76,9.51
885,515725.94,483676.51,9.19,9.62,12.25,10.0
886,515723.86,483676.18,9.46,9.36,11.54,9.69
887,515721.39,483676.79,9.69,9.83,12.16,9.22
888,515719.46,483676.61,9.98,9.69,11.91,9.87
889,515716.06,483676.33,8.96,9.62,12.36,9.9
890,515713.95,483676.35,10.07,9.5,12.18,9.48
891,515711.41,483676.05,9.68,9.64,12.22,9.94
892,515709.51,483676.19,9.84,10.01,11.74,9.87
893,515707.81,483675.86,9.47,9.78,11.17,10.11
894,515705.13,483675.08,9.54,9.7,12.22,10.48
895,515702.01,483674.26,9.09,9.6,12.21,10.42
896,515699.71,483675.04,9.7,9.93,12.0,9.15
897,515696.96,483674.82,9.2,9.6,11.95,9.82
898,515694.69,483675.16,9.58,10.25,11.85,9.91
899,515692.0,483675.25,9.59,9.89,12.28,9.8
900,515689.66,483674.96,9.52,10.05,11.86,10.34
901,515686.97,483674.84,9.53,9.8,12.22,9.92
902,515684.99,483674.71,9.52,9.9,11.5,10.03
903,515683.36,483674.15,9.72,9.89,11.35,10.45
904,515681.54,483673.17,9.68,9.17,11.5,10.15
905,515680.11,483672.76,9.67,9.27,11.1,9.68
906,515677.63,483673.4,10.01,9.78,12.49,9.14
907,515675.89,483672.7,9.99,9.25,11.73,9.95
908,515673.59,483672.89,9.52,9.51,11.82,9.32
909,515671.32,483672.56,9.59,10.17,11.86,10.5
910,515668.43,483671.47,9.45,8.94,12.34,10.03
911,515666.58,483671.49,9.7,9.84,11.55,9.82
912,515664.33,483671.24,9.35,9.23,11.6,9.48
913,515663.24,483670.61,10.12,9.21,11.21,9.84
914,515660.66,483670.78,9.29,10.18,11.87,10.01
915,515657.82,483670.45,9.37,9.82,12.21,10.15
916,515655.0,483670.52,9.57,9.91,12.39,9.84
917,515652.21,483669.24,9.42,9.34,12.21,10.62
918,515649.88,483668.61,9.72,9.63,12.05,10.26
919,515648.03,483668.45,9.68,9.67,11.53,9.83
920,515645.92,483668.48,9.7,10.24,11.81,10.21
921,515643.77,483668.18,9.94,9.67,12.09,9.97
922,515640.76,483667.71,8.95,9.46,11.96,9.93
923,515639.2,483667.03,10.24,9.65,11.8,10.33
924,515636.44,483665.97,9.41,9.4,12.17,10.46
925,515634.58,483665.72,9.78,9.42,11.64,9.67
926,515632.32,483665.49,9.93,9.75,12.19,9.98
927,515629.5,483664.85,9.5,9.31,12.32,9.95
928,515627.35,483664.49,9.88,9.64,12.03,10.0
929,515623.7,483663.8,9.04,9.42,12.69,10.11
930,515621.31,483663.61,9.51,10.04,11.9,10.23
931,515618.74,483662.74,9.47,9.4,12.04,10.27
932,515616.58,483662.12,9.22,9.9,11.38,10.52
933,515614.81,483661.71,10.03,9.8,11.8,10.21
934,515612.25,483660.86,9.88,9.58,12.44,10.43
935,515610.07,483660.58,9.92,9.69,12.1,9.97
936,515607.91,483659.87,9.18,9.61,11.34,10.32
937,515605.76,483659.95,9.23,9.77,11.38,9.69
938,515603.7,483659.52,9.93,9.53,11.99,9.96
939,515600.87,483659.25,9.12,9.95,11.95,10.22
940,515597.85,483658.94,9.44,9.56,12.46,9.87
941,515594.94,483658.07,9.35,9.31,12.26,10.18
942,515593.0,483658.13,9.63,9.82,11.57,9.76
943,515589.91,483658.45,9.68,9.89,12.77,9.57
944,515587.23,483657.64,9.1,9.38,11.78,10.19
945,515584.69,483657.63,9.4,9.48,11.94,9.49
946,515581.52,483657.16,9.25,9.0,12.42,9.47
947,515578.39,483656.48,8.97,9.51,12.1,10.19
948,515575.44,483655.38,9.37,9.1,12.32,10.2
949,515573.02,483655.16,9.96,9.43,12.38,9.65
950,515570.65,483655.13,9.62,9.82,11.99,9.85
951,515568.55,483654.06,9.42,9.3,11.52,10.37
952,515566.5,483653.66,10.0,9.49,12.05,9.89
953,515565.33,483653.22,9.6,9.2,10.77,9.64
954,515562.17,483651.68,9.12,8.95,12.28,10.49
955,515560.49,483651.44,10.21,9.86,11.89,10.1
956,515558.22,483651.72,9.86,10.35,12.13,10.07
957,515555.37,483651.02,9.2,9.34,12.05,10.04
958,515552.82,483650.41,9.6,9.31,12.15,9.92
959,515549.86,483649.13,9.22,9.25,12.18,10.53
960,515548.25,483647.76,10.15,9.2,11.76,10.57
961,515545.6,483647.23,9.54,9.8,12.19,10.33
962,515543.29,483646.36,9.74,9.41,12.05,10.28
963,515541.08,483645.52,9.6,9.15,11.81,9.99
964,515539.48,483645.28,10.01,9.44,11.61,9.68
965,515537.11,483645.01,9.9,9.64,12.27,9.91
966,515534.67,483644.66,9.96,9.79,12.4,10.14
967,515532.19,483643.43,9.79,9.34,12.27,10.57
968,515529.9,483642.75,9.68,9.05,11.97,9.73
969,515528.11,483641.81,9.66,9.21,11.45,10.15
970,515526.17,483641.36,10.14,9.45,12.08,9.9
971,515523.03,483641.13,9.51,9.72,12.65,9.95
972,515520.91,483641.61,9.6,9.62,11.72,9.14
973,515517.87,483641.19,8.71,9.89,11.75,10.31
974,515515.0,483639.83,9.45,9.04,12.32,10.4
975,515513.51,483639.24,10.16,9.61,11.65,10.2
976,515511.05,483638.83,9.42,9.75,11.88,10.16
977,515508.71,483638.28,9.8,9.62,12.14,10.17
978,515505.89,483637.42,9.64,9.76,12.46,10.62
979,515503.62,483637.79,9.66,10.05,11.93,9.68
980,515500.73,483636.64,9.39,9.44,12.28,10.59
981,515499.06,483636.04,9.91,9.57,11.58,10.17
982,515496.32,483637.13,9.0,10.21,11.74,9.12
983,515494.06,483636.74,10.08,9.57,12.34,9.96
984,515491.98,483636.33,9.76,9.43,11.84,9.84
985,515489.78,483635.46,10.33,9.27,12.53,10.14
986,515487.1,483634.39,9.39,9.5,12.07,10.57
987,515485.23,483634.19,9.91,9.75,11.78,9.95
988,515482.84,483633.83,9.81,9.56,12.2,9.92
989,515480.31,483633.35,9.44,9.5,11.97,9.98
990,515478.0,483632.8,9.42,9.45,11.73,10.0
991,515475.66,483632.38,9.26,9.5,11.6,9.92
992,515473.77,483632.72,9.69,10.2,11.58,9.86
993,515471.29,483632.29,9.3,9.36,11.78,9.79
994,515468.91,483632.04,9.68,9.98,12.06,10.23
995,515466.85,483631.14,9.8,9.35,11.86,10.25
996,515463.9,483630.55,9.21,9.42,12.16,10.01
997,515461.04,483630.28,9.28,9.64,12.14,9.91
998,515458.14,483630.55,9.23,10.09,12.13,9.82
999,515455.44,483630.56,9.12,9.72,11.82,9.71
1000,515453.13,483629.84,9.48,9.71,11.79,10.43
