dzien symulacji,liczba kobiet przed choroba,liczba mezczyzn przed choroba,urodzone kobiety,urodzeni mezczyzni,zmarle kobiety,zmarli mezczyzni,liczba chorych kobiet,liczba chorych mezczyzn,liczba kobiet po chorobie,liczba mezczyzn po chorobie,liczba ponownie chorych kobiet,liczba ponownie chorych mezczyzn,kobiety zmarle z powodu choroby,mezczyzni zmarli z powodu choroby
1,516886.57,483097.74,9.6,10.39,11.03,8.65,0.0,0.0,0.0,0.0,0.0,0.0,0.0,0.0
2,516886.4,483098.95,10.43,9.87,10.6,8.66,0.0,0.0,0.0,0.0,0.0,0.0,0.0,0.0
3,516885.98,483101.39,9.98,10.54,10.4,8.1,0.0,0.0,0.0,0.0,0.0,0.0,0.0,0.0
4,516885.59,483103.03,10.45,10.22,10.84,8.58,0.0,0.0,0.0,0.0,0.0,0.0,0.0,0.0
5,516885.09,483104.6,9.59,10.5,10.09,8.93,0.0,0.0,0.0,0.0,0.0,0.0,0.0,0.0
6,516885.17,483106.15,10.07,10.03,9.99,8.48,0.0,0.0,0.0,0.0,0.0,0.0,0.0,0.0
7,516884.61,483107.99,9.87,10.43,10.43,8.59,0.0,0.0,0.0,0.0,0.0,0.0,0.0,0.0
8,516884.07,483109.07,10.22,9.63,10.76,8.55,0.0,0.0,0.0,0.0,0.0,0.0,0.0,0.0
9,516884.1,483110.13,10.33,9.71,10.3,8.65,0.0,0.0,0.0,0.0,0.0,0.0,0.0,0.0
10,516882.97,483112.08,9.9,10.34,11.03,8.39,0.0,0.0,0.0,0.0,0.0,0.0,0.0,0.0
11,516882.12,483114.01,10.09,10.65,10.94,8.72,0.0,0.0,0.0,0.0,0.0,0.0,0.0,0.0
12,516881.89,483115.03,10.2,9.87,10.43,8.85,0.0,0.0,0.0,0.0,0.0,0.0,0.0,0.0
13,516881.4,483117.38,10.15,10.76,10.64,8.41,0.0,0.0,0.0,0.0,0.0,0.0,0.0,0.0
14,516881.38,483118.92,10.5,10.07,10.52,8.53,0.0,0.0,0.0,0.0,0.0,0.0,0.0,0.0
15,516880.47,483120.6,9.78,10.07,10.69,8.39,0.0,0.0,0.0,0.0,0.0,0.0,0.0,0.0
16,516879.9,483121.75,9.94,9.86,10.51,8.71,0.0,0.0,0.0,0.0,0.0,0.0,0.0,0.0
17,516879.69,483123.32,10.44,10.12,10.65,8.55,0.0,0.0,0.0,0.0,0.0,0.0,0.0,0.0
18,516879.54,483124.41,10.66,10.01,10.81,8.92,0.0,0.0,0.0,0.0,0.0,0.0,0.0,0.0
19,516879.72,483125.67,10.18,10.14,10.0,8.88,0.0,0.0,0.0,0.0,0.0,0.0,0.0,0.0
20,516879.06,483127.81,10.04,10.64,10.7,8.5,0.0,0.0,0.0,0.0,0.0,0.0,0.0,0.0
21,516878.44,483128.87,10.42,9.77,11.04,8.71,0.0,0.0,0.0,0.0,0.0,0.0,0.0,0.0
22,516878.48,483130.79,10.11,10.3,10.07,8.38,0.0,0.0,0.0,0.0,0.0,0.0,0.0,0.0
23,516877.79,483132.49,9.83,10.5,10.52,8.8,0.0,0.0,0.0,0.0,0.0,0.0,0.0,0.0
24,516876.79,483134.41,9.77,10.28,10.77,8.36,0.0,0.0,0.0,0.0,0.0,0.0,0.0,0.0
25,516876.34,483137.38,10.35,11.39,10.8,8.42,0.0,0.0,0.0,0.0,0.0,0.0,0.0,0.0
26,516875.67,483139.18,10.27,10.36,10.94,8.56,0.0,0.0,0.0,0.0,0.0,0.0,0.0,0.0
27,516874.94,483140.68,10.19,9.95,10.92,8.45,0.0,0.0,0.0,0.0,0.0,0.0,0.0,0.0
28,516874.39,483142.66,9.9,10.4,10.45,8.42,0.0,0.0,0.0,0.0,0.0,0.0,0.0,0.0
29,516873.97,483143.87,10.43,10.06,10.85,8.85,0.0,0.0,0.0,0.0,0.0,0.0,0.0,0.0
30,516873.57,483145.55,10.17,10.12,10.57,8.44,0.0,0.0,0.0,0.0,0.0,0.0,0.0,0.0
31,516872.89,483146.65,9.88,9.98,10.56,8.88,0.0,0.0,0.0,0.0,0.0,0.0,0.0,0.0
32,516872.09,483147.81,10.26,9.79,11.06,8.63,0.0,0.0,0.0,0.0,0.0,0.0,0.0,0.0
33,516872.1,483149.21,10.08,9.9,10.07,8.5,0.0,0.0,0.0,0.0,0.0,0.0,0.0,0.0
34,516871.0,483150.87,9.81,10.48,10.91,8.82,0.0,0.0,0.0,0.0,0.0,0.0,0.0,0.0
35,516870.55,483151.79,10.32,10.01,10.77,9.09,0.0,0.0,0.0,0.0,0.0,0.0,0.0,0.0
36,516870.09,483153.2,10.07,9.92,10.53,8.51,0.0,0.0,0.0,0.0,0.0,0.0,0.0,0.0
37,516869.8,483154.5,10.24,10.5,10.53,9.2,0.0,0.0,0.0,0.0,0.0,0.0,0.0,0.0
38,516869.13,483156.24,10.06,10.19,10.73,8.45,0.0,0.0,0.0,0.0,0.0,0.0,0.0,0.0
39,516868.87,483157.88,10.01,10.33,10.27,8.69,0.0,0.0,0.0,0.0,0.0,0.0,0.0,0.0
40,516867.94,483159.66,9.77,10.14,10.7,8.36,0.0,0.0,0.0,0.0,0.0,0.0,0.0,0.0
41,516867.65,483161.12,10.09,10.26,10.38,8.8,0.0,0.0,0.0,0.0,0.0,0.0,0.0,0.0
42,516866.56,483162.99,9.92,10.6,11.01,8.73,0.0,0.0,0.0,0.0,0.0,0.0,0.0,0.0
43,516865.76,483164.2,10.0,10.44,10.8,9.23,0.0,0.0,0.0,0.0,0.0,0.0,0.0,0.0
44,516865.2,483165.57,10.22,9.84,10.78,8.47,0.0,0.0,0.0,0.0,0.0,0.0,0.0,0.0
45,516865.73,483166.5,10.77,10.19,10.24,9.26,0.0,0.0,0.0,0.0,0.0,0.0,0.0,0.0
46,516864.88,483167.94,9.88,9.75,10.73,8.31,0.0,0.0,0.0,0.0,0.0,0.0,0.0,0.0
47,516864.31,483168.65,10.41,9.56,10.98,8.85,0.0,0.0,0.0,0.0,0.0,0.0,0.0,0.0
48,516863.97,483170.7,10.2,10.54,10.54,8.49,0.0,0.0,0.0,0.0,0.0,0.0,0.0,0.0
49,516863.0,483172.14,9.92,9.77,10.89,8.33,0.0,0.0,0.0,0.0,0.0,0.0,0.0,0.0
50,516862.5,483173.35,10.25,10.08,10.75,8.87,0.0,0.0,0.0,0.0,0.0,0.0,0.0,0.0
51,516861.92,483174.62,10.1,10.13,10.68,8.86,0.0,0.0,0.0,0.0,0.0,0.0,0.0,0.0
52,516861.68,483176.88,10.44,10.38,10.68,8.12,0.0,0.0,0.0,0.0,0.0,0.0,0.0,0.0
53,516860.61,483178.14,10.57,9.77,11.64,8.51,0.0,0.0,0.0,0.0,0.0,0.0,0.0,0.0
54,516859.54,483179.94,9.76,9.82,10.83,8.02,0.0,0.0,0.0,0.0,0.0,0.0,0.0,0.0
55,516859.73,483180.32,10.58,9.64,10.39,9.26,0.0,0.0,0.0,0.0,0.0,0.0,0.0,0.0
56,516859.86,483182.36,10.27,10.34,10.14,8.3,0.0,0.0,0.0,0.0,0.0,0.0,0.0,0.0
57,516859.1,483184.33,9.89,10.1,10.65,8.13,0.0,0.0,0.0,0.0,0.0,0.0,0.0,0.0
58,516858.03,483185.65,10.21,9.98,11.28,8.66,0.0,0.0,0.0,0.0,0.0,0.0,0.0,0.0
59,516857.07,483187.25,10.09,10.35,11.05,8.75,0.0,0.0,0.0,0.0,0.0,0.0,0.0,0.0
60,516857.03,483188.42,10.42,9.86,10.46,8.69,0.0,0.0,0.0,0.0,0.0,0.0,0.0,0.0
61,516856.16,483190.1,9.92,10.11,10.79,8.43,0.0,0.0,0.0,0.0,0.0,0.0,0.0,0.0
62,516855.82,483191.2,10.29,10.47,10.63,9.37,0.0,0.0,0.0,0.0,0.0,0.0,0.0,0.0
63,516855.82,483192.73,10.33,9.77,10.33,8.24,0.0,0.0,0.0,0.0,0.0,0.0,0.0,0.0
64,516855.15,483193.81,10.15,9.81,10.82,8.73,0.0,0.0,0.0,0.0,0.0,0.0,0.0,0.0
65,516855.15,483195.13,10.38,10.39,10.38,9.07,0.0,0.0,0.0,0.0,0.0,0.0,0.0,0.0
66,516854.52,483195.92,10.12,9.5,10.75,8.71,0.0,0.0,0.0,0.0,0.0,0.0,0.0,0.0
67,516854.36,483198.01,10.49,10.57,10.65,8.48,0.0,0.0,0.0,0.0,0.0,0.0,0.0,0.0
68,516854.01,483199.97,10.57,10.25,10.92,8.29,0.0,0.0,0.0,0.0,0.0,0.0,0.0,0.0
69,516852.91,483201.22,10.07,10.02,11.17,8.77,0.0,0.0,0.0,0.0,0.0,0.0,0.0,0.0
70,516851.99,483202.39,10.16,9.63,11.08,8.46,0.0,0.0,0.0,0.0,0.0,0.0,0.0,0.0
71,516851.18,483203.68,9.93,10.02,10.74,8.73,0.0,0.0,0.0,0.0,0.0,0.0,0.0,0.0
72,516851.76,483205.54,10.48,9.91,9.9,8.05,0.0,0.0,0.0,0.0,0.0,0.0,0.0,0.0
73,516851.59,483206.87,10.5,9.77,10.67,8.44,0.0,0.0,0.0,0.0,0.0,0.0,0.0,0.0
74,516851.04,483207.77,10.24,9.68,10.79,8.78,0.0,0.0,0.0,0.0,0.0,0.0,0.0,0.0
75,516850.26,483208.57,9.7,9.67,10.48,8.87,0.0,0.0,0.0,0.0,0.0,0.0,0.0,0.0
76,516850.1,483210.0,10.2,10.12,10.36,8.69,0.0,0.0,0.0,0.0,0.0,0.0,0.0,0.0
77,516850.02,483211.53,10.55,10.04,10.63,8.51,0.0,0.0,0.0,0.0,0.0,0.0,0.0,0.0
78,516848.6,483213.32,9.58,9.84,11.0,8.05,0.0,0.0,0.0,0.0,0.0,0.0,0.0,0.0
79,516848.18,483214.63,10.33,10.03,10.75,8.72,0.0,0.0,0.0,0.0,0.0,0.0,0.0,0.0
80,516847.52,483216.36,9.47,10.26,10.13,8.53,0.0,0.0,0.0,0.0,0.0,0.0,0.0,0.0
81,516847.15,483217.2,10.02,9.89,10.39,9.05,0.0,0.0,0.0,0.0,0.0,0.0,0.0,0.0
82,516846.68,483218.73,10.07,10.15,10.54,8.62,0.0,0.0,0.0,0.0,0.0,0.0,0.0,0.0
83,516846.39,483220.57,10.27,10.17,10.56,8.33,0.0,0.0,0.0,0.0,0.0,0.0,0.0,0.0
84,516845.89,483222.82,9.97,10.62,10.47,8.37,0.0,0.0,0.0,0.0,0.0,0.0,0.0,0.0
85,516846.38,483223.7,10.49,9.69,10.0,8.81,0.0,0.0,0.0,0.0,0.0,0.0,0.0,0.0
86,516845.72,483224.71,10.15,9.64,10.81,8.63,0.0,0.0,0.0,0.0,0.0,0.0,0.0,0.0
87,516845.77,483225.75,10.67,9.9,10.62,8.86,0.0,0.0,0.0,0.0,0.0,0.0,0.0,0.0
88,516845.05,483226.51,10.06,10.13,10.78,9.37,0.0,0.0,0.0,0.0,0.0,0.0,0.0,0.0
89,516844.33,483228.46,10.3,10.41,11.02,8.46,0.0,0.0,0.0,0.0,0.0,0.0,0.0,0.0
90,516843.82,483230.19,10.22,10.17,10.73,8.44,0.0,0.0,0.0,0.0,0.0,0.0,0.0,0.0
91,516843.42,483231.88,10.27,10.49,10.67,8.8,0.0,0.0,0.0,0.0,0.0,0.0,0.0,0.0
92,516842.12,483233.05,10.1,9.71,11.4,8.54,0.0,0.0,0.0,0.0,0.0,0.0,0.0,0.0
93,516841.1,483234.38,9.97,10.32,10.99,8.99,0.0,0.0,0.0,0.0,0.0,0.0,0.0,0.0
94,516840.24,483235.55,10.01,9.9,10.87,8.73,0.0,0.0,0.0,0.0,0.0,0.0,0.0,0.0
95,516838.7,483237.17,9.45,10.51,10.99,8.89,0.0,0.0,0.0,0.0,0.0,0.0,0.0,0.0
96,516838.46,483238.41,10.6,10.03,10.84,8.79,0.0,0.0,0.0,0.0,0.0,0.0,0.0,0.0
97,516837.3,483239.96,10.22,10.45,11.38,8.9,0.0,0.0,0.0,0.0,0.0,0.0,0.0,0.0
98,516836.34,483241.95,9.97,10.46,10.93,8.47,0.0,0.0,0.0,0.0,0.0,0.0,0.0,0.0
99,516836.13,483243.56,10.48,10.07,10.69,8.46,0.0,0.0,0.0,0.0,0.0,0.0,0.0,0.0
100,516835.41,483245.1,9.63,10.28,10.35,8.74,0.0,0.0,0.0,0.0,0.0,0.0,0.0,0.0
101,516831.2,483243.23,10.12,9.98,11.51,9.08,2.82,2.77,0.0,0.0,0.0,0.0,0.01,0.01
102,516830.7,483244.1,11.04,9.95,11.17,8.78,3.19,3.07,0.0,0.0,0.0,0.0,0.0,0.01
103,516829.39,483244.6,10.32,9.52,11.27,8.68,3.55,3.41,0.0,0.0,0.0,0.0,0.0,0.02
104,516828.37,483244.78,10.14,9.8,10.84,9.35,3.87,3.68,0.0,0.0,0.0,0.0,0.0,0.02
105,516827.25,483245.57,10.06,10.0,10.66,8.77,4.39,4.12,0.0,0.0,0.0,0.0,0.01,0.0
106,516825.52,483245.93,10.04,9.9,11.25,8.97,4.89,4.67,0.02,0.02,0.0,0.0,0.01,0.0
107,516824.05,483247.01,9.78,10.5,10.73,8.85,5.36,5.13,0.07,0.13,0.0,0.0,0.04,0.0
108,516822.61,483248.08,9.82,9.98,10.67,8.27,5.81,5.57,0.21,0.33,0.0,0.0,0.02,0.03
109,516821.11,483248.94,10.21,9.58,11.03,8.1,6.2,5.79,0.5,0.73,0.0,0.0,0.03,0.0
110,516819.8,483249.89,10.39,10.78,10.95,9.21,6.54,6.04,0.91,1.1,0.0,0.0,0.0,0.01
111,516817.91,483249.73,10.13,9.72,11.29,9.02,6.85,6.56,1.33,1.44,0.0,0.0,0.04,0.0
112,516816.46,483250.08,9.69,9.68,10.55,8.66,7.07,6.8,1.7,1.87,0.0,0.0,0.02,0.01
113,516814.68,483249.93,10.12,9.66,11.1,9.1,7.32,6.9,2.25,2.48,0.0,0.0,0.0,0.0
114,516813.4,483250.59,10.11,10.68,10.53,9.41,7.56,6.96,2.87,3.03,0.0,0.0,0.02,0.01
115,516812.34,483251.25,10.43,10.35,10.81,8.84,7.65,7.26,3.46,3.58,0.0,0.0,0.0,0.01
116,516811.58,483251.5,10.49,9.89,10.39,8.84,8.01,7.52,3.96,4.12,0.0,0.0,0.0,0.01
117,516809.94,483252.22,10.17,10.56,11.02,8.96,8.25,7.66,4.51,4.86,0.0,0.0,0.02,0.02
118,516808.0,483252.21,9.6,9.87,10.75,8.97,8.43,7.98,5.12,5.45,0.0,0.0,0.04,0.01
119,516806.31,483252.49,10.32,9.27,11.02,7.99,8.57,8.46,5.97,5.97,0.0,0.0,0.02,0.02
120,516804.46,483252.69,9.8,10.19,10.9,9.13,8.57,8.64,6.72,6.65,0.0,0.0,0.04,0.05
121,516802.26,483252.84,9.77,9.86,11.1,8.61,8.51,9.09,7.65,7.3,0.0,0.0,0.03,0.0
122,516800.28,483253.51,9.96,9.97,11.02,8.44,8.9,9.19,8.18,8.06,0.0,0.0,0.02,0.02
123,516799.01,483253.85,10.26,10.22,10.66,8.93,9.12,9.36,8.83,8.84,0.0,0.0,0.02,0.02
124,516798.4,483253.55,10.2,9.88,9.89,8.99,9.22,9.64,9.65,9.75,0.0,0.0,0.02,0.02
125,516797.25,483253.3,10.21,9.45,10.56,8.87,9.22,9.82,10.45,10.4,0.0,0.0,0.01,0.03
126,516795.87,483252.57,10.47,10.01,10.8,9.51,9.46,10.31,11.26,11.14,0.0,0.0,0.0,0.04
127,516794.53,483253.33,10.4,10.22,10.74,8.47,9.75,10.42,11.97,12.02,0.0,0.0,0.01,0.02
128,516792.38,483254.1,10.13,10.2,11.26,8.28,9.96,10.8,12.78,12.79,0.0,0.0,0.01,0.01
129,516791.06,483253.8,10.65,9.91,10.93,8.84,10.05,11.36,13.73,13.6,0.0,0.0,0.04,0.02
130,516789.14,483253.89,10.21,10.04,11.06,8.89,10.27,11.44,14.58,14.58,0.0,0.0,0.02,0.02
131,516787.75,483253.45,10.64,10.06,10.94,9.22,10.67,11.82,15.27,15.48,0.0,0.0,0.03,0.01
132,516785.72,483253.38,9.76,10.59,10.48,9.49,11.29,11.84,15.96,16.63,0.0,0.0,0.01,0.02
133,516783.96,483253.76,10.1,10.76,10.65,9.16,11.59,12.13,16.87,17.56,0.0,0.0,0.02,0.02
134,516781.72,483253.27,9.73,10.05,10.68,9.04,11.92,12.56,17.83,18.63,0.0,0.0,0.02,0.0
135,516778.92,483253.39,9.26,10.4,10.81,8.86,12.35,12.94,18.65,19.67,0.0,0.0,0.04,0.04
136,516776.76,483253.93,9.94,10.49,10.57,8.65,12.8,13.37,19.73,20.54,0.0,0.0,0.01,0.03
137,516774.02,483254.52,9.88,10.3,11.18,8.47,13.16,13.37,20.81,21.78,0.0,0.0,0.03,0.03
138,516772.0,483254.45,10.47,9.85,11.2,8.73,13.48,13.59,21.78,22.75,0.0,0.0,0.03,0.04
139,516770.2,483254.39,10.32,10.18,10.71,8.63,13.84,14.14,22.83,23.81,0.0,0.0,0.02,0.03
140,516768.22,483254.58,10.22,10.5,10.72,8.89,14.14,14.44,24.01,24.93,0.0,0.0,0.02,0.05
141,516766.62,483254.93,10.37,10.29,10.43,8.29,14.67,14.9,25.02,26.12,0.0,0.0,0.0,0.01
142,516764.64,483254.63,10.27,10.0,10.64,8.73,15.07,15.15,26.23,27.44,0.0,0.0,0.02,0.05
143,516761.16,483253.86,9.22,9.57,11.12,8.6,15.23,15.56,27.65,28.77,0.0,0.0,0.03,0.03
144,516759.84,483253.52,10.56,10.15,10.38,8.95,15.55,15.82,28.83,30.05,0.0,0.0,0.01,0.07
145,516757.67,483252.82,10.15,9.73,10.85,8.64,15.82,16.12,30.03,31.54,0.0,0.0,0.01,0.02
146,516754.81,483252.07,10.2,9.98,11.43,8.97,16.13,16.64,31.35,32.78,0.0,0.0,0.03,0.03
147,516751.84,483250.74,9.77,9.82,11.09,9.17,16.52,17.17,32.61,34.23,0.0,0.0,0.03,0.04
148,516749.69,483250.48,10.49,9.73,10.63,8.31,17.25,17.66,33.89,35.42,0.0,0.0,0.03,0.04
149,516747.39,483249.7,10.51,9.48,10.83,8.58,18.08,18.01,35.04,36.75,0.0,0.0,0.03,0.1
150,516744.32,483247.83,9.54,9.61,10.81,9.29,18.44,18.64,36.48,38.31,0.0,0.0,0.04,0.01
151,516741.1,483247.51,9.41,10.32,10.77,8.57,18.95,19.16,37.83,39.86,0.0,0.0,0.03,0.01
152,516738.48,483246.18,10.0,10.41,10.73,9.49,19.19,19.69,39.48,41.58,0.0,0.0,0.03,0.05
153,516735.4,483245.33,9.97,10.57,10.97,9.09,19.68,20.45,41.07,43.15,0.0,0.0,0.07,0.07
154,516731.86,483244.1,9.73,9.8,11.08,8.78,20.24,21.13,42.7,44.72,0.0,0.0,0.04,0.04
155,516729.07,483243.36,10.34,9.91,11.11,8.23,20.55,22.03,44.41,46.24,0.0,0.0,0.06,0.09
156,516726.45,483241.97,10.17,9.52,10.5,8.46,21.16,22.91,46.09,47.81,0.0,0.0,0.02,0.05
157,516722.8,483240.68,9.6,9.72,10.88,8.67,21.68,23.48,47.94,49.58,0.0,0.0,0.04,0.07
158,516719.4,483239.37,9.64,9.81,10.69,8.74,22.41,24.04,49.56,51.4,0.0,0.0,0.04,0.01
159,516716.04,483238.51,10.09,10.44,10.95,8.71,23.12,24.8,51.35,53.23,0.0,0.0,0.03,0.06
160,516712.38,483237.63,9.96,10.25,11.05,8.57,23.81,25.01,53.23,55.58,0.0,0.0,0.05,0.07
161,516709.04,483236.13,9.95,10.09,10.6,9.12,24.59,25.28,55.14,57.78,0.0,0.0,0.06,0.05
162,516705.45,483235.03,10.26,10.25,11.09,8.86,25.45,25.85,57.04,59.7,0.0,0.0,0.03,0.1
163,516701.9,483233.35,9.95,9.87,10.82,8.77,25.88,26.41,59.29,61.92,0.0,0.0,0.03,0.1
164,516697.83,483232.04,9.93,10.05,11.08,8.62,26.77,27.2,61.32,63.87,0.0,0.0,0.01,0.06
165,516692.81,483230.74,9.88,10.46,11.69,8.66,28.12,27.87,63.18,66.3,0.0,0.0,0.02,0.08
166,516689.09,483228.46,10.46,9.55,11.22,8.69,29.08,28.7,65.18,68.61,0.0,0.0,0.05,0.02
167,516685.75,483226.75,10.11,10.05,10.3,8.47,30.0,29.48,67.41,71.12,0.0,0.0,0.02,0.02
168,516682.08,483224.43,10.18,10.06,10.5,9.14,31.17,30.54,69.59,73.3,0.0,0.0,0.0,0.08
169,516677.91,483222.43,9.98,10.14,10.82,8.79,31.9,31.44,72.19,75.75,0.0,0.0,0.03,0.11
170,516674.06,483220.23,10.61,10.31,10.86,8.85,33.03,32.35,74.66,78.5,0.0,0.0,0.08,0.06
171,516668.43,483218.25,9.56,10.35,11.66,9.06,33.85,32.95,77.37,81.17,0.0,0.0,0.05,0.05
172,516664.28,483214.85,10.3,9.59,10.91,9.4,34.79,33.88,79.97,83.83,0.0,0.0,0.05,0.11
173,516660.19,483211.69,10.34,10.14,10.78,8.81,35.42,35.85,82.99,86.35,0.0,0.0,0.05,0.06
174,516654.45,483209.15,9.76,10.11,11.43,8.71,36.7,36.93,85.78,89.21,0.0,0.0,0.03,0.07
175,516649.65,483206.04,9.83,9.92,10.83,8.89,37.69,38.04,88.59,92.24,0.0,0.0,0.07,0.15
176,516644.29,483203.3,9.93,10.24,10.96,8.82,38.82,39.32,91.79,95.12,0.0,0.0,0.04,0.05
177,516638.84,483199.93,9.86,9.85,11.25,8.49,39.89,40.86,94.78,98.31,0.0,0.0,0.11,0.1
178,516633.81,483196.65,10.15,9.86,10.74,8.73,41.07,42.02,98.04,101.56,0.0,0.0,0.11,0.08
179,516628.93,483193.7,10.32,10.55,10.89,8.95,42.33,43.21,101.09,104.92,0.0,0.0,0.07,0.1
180,516623.65,483189.87,10.04,9.75,10.73,8.62,43.37,44.79,104.64,108.3,0.0,0.0,0.05,0.09
181,516617.22,483185.13,9.76,9.97,11.35,9.4,44.82,46.57,108.03,111.83,0.0,0.0,0.07,0.08
182,516611.03,483181.18,9.86,10.19,11.17,9.27,46.16,47.93,111.57,115.34,0.0,0.0,0.09,0.11
183,516604.68,483176.97,10.23,10.14,11.67,9.04,47.4,49.11,115.24,119.47,0.0,0.0,0.11,0.04
184,516598.12,483172.5,9.88,9.71,11.32,8.72,48.96,50.67,118.8,123.37,0.0,0.0,0.12,0.09
185,516591.31,483168.37,9.71,10.4,10.95,9.14,50.93,52.25,122.4,127.18,0.0,0.0,0.09,0.12
186,516584.86,483164.06,9.57,9.97,10.6,9.13,52.11,52.93,126.64,131.65,0.0,0.0,0.13,0.15
187,516577.77,483159.67,9.89,9.93,11.28,8.53,53.34,54.03,131.11,136.34,0.0,0.0,0.05,0.11
188,516571.56,483155.18,9.9,10.3,10.45,8.44,54.97,56.08,135.14,140.64,0.0,0.0,0.06,0.05
189,516564.57,483150.13,9.98,9.72,11.05,8.78,56.65,57.41,139.38,145.3,0.0,0.0,0.11,0.07
190,516559.01,483144.59,10.63,9.92,10.61,9.03,57.71,58.89,143.9,150.25,0.0,0.0,0.11,0.15
191,516551.29,483138.24,10.17,10.01,10.99,9.65,60.01,60.83,148.5,155.02,0.0,0.0,0.11,0.09
192,516543.54,483132.66,9.73,10.12,10.99,9.15,61.79,62.42,153.21,159.98,0.0,0.0,0.09,0.12
193,516536.57,483127.32,10.11,10.15,10.78,8.7,63.3,64.37,158.0,164.82,0.0,0.0,0.07,0.17
194,516528.5,483121.4,10.11,10.07,11.4,8.88,64.7,66.18,163.38,170.12,0.0,0.0,0.12,0.12
195,516520.62,483115.53,9.59,10.26,10.59,8.96,66.62,68.08,168.34,175.39,0.0,0.0,0.11,0.14
196,516512.81,483109.97,10.27,10.65,10.87,8.56,68.58,70.46,173.59,180.66,0.0,0.0,0.11,0.13
197,516504.85,483103.21,10.29,10.07,10.79,8.9,70.64,72.7,178.99,186.35,0.0,0.0,0.1,0.14
198,516496.33,483097.12,10.31,10.33,11.16,8.81,72.73,74.37,184.57,192.29,0.0,0.0,0.14,0.12
199,516488.3,483089.38,10.77,10.29,11.23,9.5,74.46,76.86,190.41,198.33,0.0,0.0,0.16,0.18
200,516480.1,483081.96,10.1,10.47,10.61,9.14,76.46,79.47,196.1,204.47,0.0,0.0,0.1,0.19
201,516471.48,483074.22,10.2,9.85,10.72,8.59,78.71,82.2,201.95,210.74,0.0,0.0,0.1,0.18
202,516461.45,483066.74,9.94,10.29,11.32,9.21,81.14,83.85,208.17,217.65,0.0,0.0,0.15,0.18
203,516452.77,483059.68,10.56,10.41,11.07,8.59,83.0,85.52,214.48,224.86,0.0,0.0,0.21,0.16
204,516442.93,483051.29,9.78,10.15,11.04,8.98,84.97,88.1,221.09,231.84,0.0,0.0,0.1,0.2
205,516433.65,483042.19,10.81,10.28,10.85,8.92,86.96,91.78,228.34,238.62,0.0,0.0,0.14,0.15
206,516423.2,483033.23,10.42,10.01,11.04,8.95,89.7,94.61,235.43,245.81,0.0,0.0,0.15,0.21
207,516412.56,483024.62,9.77,10.09,11.0,8.57,91.78,97.08,242.76,253.47,0.0,0.0,0.21,0.17
208,516400.44,483014.23,9.61,9.52,10.98,9.38,95.54,99.84,249.75,261.24,0.0,0.0,0.14,0.2
209,516389.8,483004.37,10.13,10.13,11.0,8.57,98.13,102.82,256.93,269.68,0.0,0.0,0.21,0.28
210,516379.38,482994.1,10.39,9.89,10.49,8.98,100.38,105.39,265.0,278.29,0.0,0.0,0.19,0.19
211,516367.08,482984.09,9.92,9.94,11.78,8.82,103.35,108.1,272.47,286.71,0.0,0.0,0.17,0.23
212,516353.37,482973.28,9.56,10.11,11.67,9.5,106.92,111.0,280.5,295.23,0.0,0.0,0.26,0.22
213,516340.77,482961.65,10.08,9.43,10.97,8.85,110.07,114.52,289.06,303.92,0.0,0.0,0.14,0.2
214,516328.63,482949.89,10.02,9.72,10.98,8.75,112.5,117.84,297.81,313.33,0.0,0.0,0.26,0.27
215,516316.22,482937.95,10.52,10.68,11.12,9.33,114.85,121.96,307.27,322.5,0.0,0.0,0.25,0.35
216,516302.58,482925.23,10.02,10.01,11.74,9.22,118.04,125.82,316.0,332.15,0.0,0.0,0.21,0.38
217,516289.13,482913.05,9.92,10.07,10.9,8.89,120.84,128.75,325.67,342.58,0.0,0.0,0.2,0.31
218,516275.08,482900.19,9.71,10.25,11.18,9.36,123.9,131.91,335.19,353.17,0.0,0.0,0.31,0.25
219,516260.79,482886.47,10.15,9.65,11.43,9.24,126.5,135.35,345.6,363.86,0.0,0.0,0.22,0.33
220,516245.56,482871.54,9.53,9.63,10.89,9.58,130.43,139.33,355.54,374.86,0.0,0.0,0.15,0.29
221,516229.64,482857.79,9.9,10.17,10.84,8.71,134.25,143.4,366.7,385.99,0.0,0.01,0.24,0.36
222,516213.87,482843.75,10.0,9.92,11.19,8.49,138.08,146.85,377.45,398.01,0.0,0.01,0.38,0.23
223,516197.6,482828.55,9.95,10.19,11.3,9.23,142.61,151.62,387.84,409.4,0.0,0.01,0.44,0.3
224,516180.53,482812.46,9.88,10.08,11.05,9.51,147.37,155.85,398.98,421.83,0.0,0.01,0.28,0.32
225,516163.69,482796.25,10.25,9.83,11.63,9.2,151.61,160.35,410.2,434.17,0.0,0.01,0.26,0.4
226,516145.9,482779.07,10.03,10.04,11.24,9.55,156.46,164.89,421.93,447.3,0.0,0.01,0.36,0.26
227,516127.35,482761.69,9.74,10.34,11.3,9.43,161.12,170.11,434.26,460.37,0.0,0.01,0.31,0.28
228,516109.12,482743.44,10.13,9.49,11.39,9.46,165.13,174.29,447.22,474.47,0.0,0.01,0.32,0.29
229,516090.51,482726.2,9.87,10.12,11.13,9.0,169.82,178.1,459.88,489.02,0.0,0.01,0.42,0.34
230,516070.3,482708.14,9.94,9.69,11.52,9.02,174.96,182.4,473.37,503.46,0.0,0.0,0.39,0.33
231,516051.18,482689.81,9.8,10.1,10.89,9.13,178.63,187.11,487.73,518.05,0.0,0.0,0.3,0.35
232,516030.47,482669.28,9.92,9.57,11.44,9.85,183.84,191.84,501.71,533.57,0.0,0.0,0.34,0.39
233,516010.5,482648.36,10.24,9.96,11.1,9.78,188.24,197.1,516.42,549.41,0.0,0.0,0.3,0.36
234,515990.02,482628.01,10.05,10.38,10.87,9.39,192.53,202.02,531.79,565.83,0.0,0.0,0.29,0.45
235,515967.93,482607.97,9.94,10.53,11.23,8.87,198.01,206.78,547.11,582.77,0.0,0.0,0.42,0.45
236,515946.15,482585.72,10.18,10.16,11.79,9.57,202.28,213.49,563.01,598.9,0.0,0.0,0.42,0.46
237,515922.91,482562.55,9.74,9.69,11.53,9.44,206.81,219.29,579.93,616.52,0.0,0.0,0.41,0.41
238,515899.4,482539.91,10.46,9.9,11.42,9.4,212.73,223.65,596.56,635.3,0.0,0.0,0.48,0.51
239,515875.36,482515.7,9.32,9.59,10.84,9.57,218.16,229.98,613.65,653.2,0.0,0.0,0.34,0.43
240,515851.28,482491.57,10.54,10.32,11.74,9.58,223.38,236.17,631.31,671.88,0.0,0.0,0.41,0.44
241,515825.96,482467.22,9.68,10.98,11.46,9.85,228.84,242.07,649.39,691.46,0.0,0.0,0.32,0.58
242,515798.88,482441.09,9.79,10.37,11.54,9.78,236.09,249.32,667.47,710.93,0.0,0.0,0.37,0.59
243,515772.44,482415.31,10.01,9.88,11.46,9.08,242.21,255.09,686.34,731.74,0.0,0.0,0.43,0.4
244,515745.16,482388.75,10.15,9.92,11.4,9.6,248.85,260.7,705.73,753.01,0.0,0.0,0.54,0.61
245,515719.03,482361.53,10.23,9.71,10.69,9.34,254.19,266.08,726.06,775.22,0.0,0.0,0.32,0.62
246,515690.43,482333.44,9.69,10.03,10.99,9.42,261.18,274.12,746.37,795.87,0.0,0.01,0.47,0.57
247,515661.06,482304.57,10.39,9.95,11.6,9.39,268.79,280.52,766.92,818.9,0.0,0.01,0.5,0.6
248,515630.52,482274.03,10.13,10.37,11.46,9.64,276.57,289.23,788.35,841.46,0.0,0.01,0.4,0.65
249,515599.23,482243.05,10.12,10.18,11.52,9.61,284.14,297.21,810.67,865.03,0.0,0.01,0.54,0.67
250,515566.84,482211.4,9.45,10.13,12.1,9.28,290.46,305.29,834.09,889.45,0.0,0.01,0.47,0.68
251,515534.1,482179.32,10.05,9.93,11.56,9.3,298.18,312.61,857.6,914.84,0.0,0.01,0.55,0.52
252,515501.11,482145.9,9.82,10.12,11.56,9.31,305.51,320.72,881.52,940.96,0.0,0.01,0.66,0.61
253,515466.88,482111.99,9.98,10.46,11.55,9.69,313.31,328.73,906.38,967.63,0.0,0.01,0.6,0.63
254,515431.85,482077.57,9.73,10.33,11.32,9.85,322.14,337.16,930.99,994.11,0.0,0.0,0.4,0.76
255,515396.78,482041.4,9.92,9.63,11.08,10.27,330.11,345.22,956.93,1021.58,0.0,0.0,0.66,0.72
256,515360.56,482003.39,9.64,9.89,11.28,9.77,338.12,355.11,983.5,1049.82,0.0,0.0,0.63,0.57
257,515323.29,481964.61,10.12,9.84,11.65,10.16,346.17,364.46,1011.19,1078.93,0.0,0.0,0.66,0.69
258,515284.16,481925.41,10.03,9.78,11.87,9.92,356.86,374.01,1037.79,1108.44,0.0,0.0,0.7,0.83
259,515244.38,481884.16,10.02,9.88,11.84,9.99,366.77,384.02,1065.84,1139.57,0.0,0.0,0.57,0.93
260,515203.76,481842.48,9.96,9.6,11.74,9.26,375.88,394.42,1095.56,1171.19,0.01,0.0,0.81,0.68
261,515162.51,481799.55,10.12,10.14,11.45,10.37,385.11,404.43,1126.25,1203.88,0.01,0.0,0.71,0.72
262,515119.91,481755.17,9.77,9.78,11.63,9.74,395.13,415.94,1156.97,1236.79,0.01,0.0,0.84,0.8
263,515076.96,481710.12,10.25,9.85,11.27,10.47,406.1,426.31,1187.93,1270.85,0.01,0.0,0.74,1.05
264,515030.67,481663.38,9.65,9.51,12.03,9.68,417.72,438.32,1220.22,1305.41,0.01,0.0,0.81,0.86
265,514983.84,481616.56,9.95,9.54,12.08,10.33,428.8,447.93,1253.84,1341.83,0.01,0.0,0.74,0.98
266,514935.73,481568.53,10.09,10.12,12.09,9.34,441.35,459.95,1287.4,1378.62,0.01,0.0,0.76,0.9
267,514885.05,481518.01,9.51,9.95,12.25,10.08,453.9,473.05,1322.79,1415.91,0.01,0.0,0.81,0.96
268,514835.47,481467.31,9.88,9.81,11.84,9.63,465.58,485.21,1358.74,1454.63,0.0,0.0,0.75,1.1
269,514783.2,481414.98,9.94,10.19,12.47,10.17,478.08,497.82,1395.98,1494.37,0.0,0.0,0.86,1.08
270,514732.1,481360.41,10.38,9.96,11.96,9.96,488.92,511.24,1434.66,1535.52,0.0,0.0,0.77,0.95
271,514678.62,481304.94,9.81,10.19,12.11,10.41,500.73,524.02,1474.03,1577.99,0.0,0.0,0.78,1.25
272,514625.28,481248.28,10.02,9.4,11.31,9.85,512.55,538.31,1514.25,1619.91,0.01,0.0,0.82,1.2
273,514566.15,481189.77,9.63,9.94,12.32,10.24,527.19,553.07,1556.05,1663.36,0.01,0.0,0.87,0.94
274,514508.25,481130.47,10.3,10.32,12.14,10.3,540.23,566.38,1599.07,1709.37,0.01,0.0,0.83,1.19
275,514449.94,481070.95,10.01,10.25,11.49,10.02,553.39,580.43,1642.74,1755.07,0.01,0.0,0.97,1.23
276,514387.64,481007.93,10.34,9.57,12.61,10.64,568.75,594.32,1687.41,1803.13,0.01,0.0,1.13,1.2
277,514325.54,480943.46,10.08,9.93,11.77,9.96,582.98,609.99,1733.59,1851.89,0.01,0.01,1.16,1.16
278,514261.6,480878.66,9.62,10.56,12.07,10.17,596.65,624.63,1781.41,1902.43,0.01,0.02,1.15,1.28
279,514197.04,480811.66,9.96,10.51,12.01,10.56,611.57,641.23,1829.0,1952.78,0.01,0.02,1.26,1.28
280,514129.98,480741.55,9.77,10.16,12.19,10.78,627.28,657.12,1877.93,2006.38,0.01,0.02,0.95,1.38
281,514061.76,480668.69,9.68,9.21,11.55,10.67,642.7,674.2,1928.86,2060.7,0.01,0.02,1.09,1.65
282,513991.0,480596.29,10.72,10.45,12.38,10.76,659.8,690.79,1980.86,2116.2,0.01,0.02,1.19,1.42
283,513917.56,480521.93,9.67,9.77,12.02,10.36,677.6,708.08,2034.15,2172.68,0.01,0.02,1.09,1.57
284,513843.03,480445.49,10.22,9.78,12.36,10.14,695.07,726.23,2089.07,2230.61,0.01,0.02,1.24,1.47
285,513763.73,480366.45,9.3,10.42,12.52,10.92,715.26,744.69,2144.96,2290.69,0.01,0.02,1.21,1.67
286,513686.15,480284.93,9.88,9.69,11.98,10.21,733.13,764.52,2202.58,2351.86,0.0,0.02,1.32,1.41
287,513605.86,480201.66,10.25,9.86,12.39,11.08,752.44,783.82,2261.42,2414.61,0.0,0.02,1.35,1.62
288,513522.43,480118.13,9.94,10.37,12.49,10.53,773.45,803.83,2321.29,2477.97,0.0,0.02,1.29,1.71
289,513438.59,480030.48,10.0,9.81,12.24,10.6,793.45,824.66,2382.89,2544.0,0.0,0.02,1.44,1.7
290,513352.97,479940.67,9.94,9.82,12.75,10.52,813.5,846.58,2445.65,2611.18,0.0,0.03,1.56,1.65
291,513266.25,479847.41,10.21,9.82,11.92,10.95,832.86,868.49,2511.3,2681.41,0.0,0.02,1.37,1.75
292,513174.61,479754.33,9.8,10.01,12.99,10.2,854.92,888.94,2577.67,2753.85,0.02,0.02,1.64,1.57
293,513080.63,479659.18,9.48,9.86,12.76,11.27,877.45,911.06,2645.83,2825.47,0.03,0.02,1.56,2.18
294,512984.33,479561.77,9.7,10.5,12.58,10.81,900.62,932.9,2716.08,2900.72,0.03,0.03,1.64,1.99
295,512885.56,479459.86,10.35,9.7,12.86,11.4,922.68,956.97,2790.28,2976.85,0.03,0.04,1.67,2.09
296,512785.35,479357.63,9.93,10.57,13.15,11.38,944.52,980.47,2865.41,3054.77,0.05,0.04,1.9,2.41
297,512683.32,479251.44,9.91,10.09,13.27,10.64,967.05,1003.64,2941.55,3137.24,0.05,0.04,1.98,1.92
298,512576.47,479143.16,9.97,9.74,12.78,11.07,992.52,1028.54,3020.12,3219.28,0.05,0.05,1.64,2.15
299,512469.9,479031.05,9.96,9.93,13.13,11.04,1017.16,1055.24,3098.88,3303.58,0.05,0.05,2.21,2.44
300,512359.53,478917.57,10.25,9.73,12.65,11.32,1044.72,1080.2,3179.3,3390.5,0.04,0.06,1.65,2.42
301,512247.18,478799.69,10.27,10.17,12.77,11.34,1071.13,1108.27,3262.75,3479.14,0.03,0.06,2.2,2.22
302,512132.34,478679.68,9.77,10.07,12.8,11.12,1096.61,1136.09,3349.08,3570.26,0.03,0.08,1.87,2.31
303,512014.3,478556.38,10.1,9.92,12.83,11.32,1123.75,1164.53,3437.24,3663.73,0.04,0.07,2.13,2.39
304,511892.58,478430.94,9.43,9.75,13.21,11.69,1150.29,1192.22,3528.63,3759.54,0.05,0.07,2.08,2.31
305,511767.91,478301.65,10.28,10.0,13.04,12.02,1178.4,1222.39,3622.43,3856.67,0.05,0.04,2.09,2.57
306,511642.71,478170.62,10.09,10.24,12.87,11.65,1204.89,1249.4,3718.36,3959.28,0.05,0.04,2.23,2.62
307,511513.25,478037.3,9.83,10.44,13.48,11.53,1233.78,1278.53,3815.28,4062.38,0.05,0.04,2.41,2.47
308,511381.31,477899.82,10.13,10.2,13.02,11.44,1263.36,1309.0,3914.77,4168.15,0.03,0.04,2.21,2.47
309,511246.07,477757.88,9.86,10.37,13.14,11.88,1292.07,1341.9,4018.02,4275.67,0.03,0.05,2.31,3.01
310,511107.89,477615.11,10.15,9.86,13.68,11.62,1321.12,1372.23,4123.61,4386.33,0.04,0.07,2.29,3.04
311,510965.75,477468.3,10.12,9.75,13.37,12.0,1352.81,1404.76,4230.8,4498.37,0.05,0.06,2.58,3.29
312,510823.25,477314.23,10.35,10.16,13.52,11.86,1382.77,1441.52,4340.17,4613.98,0.05,0.06,2.37,3.0
313,510674.5,477159.52,10.15,10.03,13.13,12.13,1416.09,1473.32,4452.62,4734.76,0.05,0.09,2.34,3.04
314,510524.17,477000.01,10.55,9.82,13.47,12.2,1450.37,1508.15,4565.75,4857.07,0.05,0.08,2.75,3.22
315,510368.53,476837.01,9.51,9.72,13.88,11.57,1483.6,1546.24,4683.78,4980.11,0.06,0.1,2.7,3.01
316,510207.41,476670.71,9.74,9.99,13.74,12.84,1519.81,1580.1,4804.69,5109.7,0.06,0.1,2.85,3.56
317,510044.21,476500.66,10.31,9.78,13.61,12.35,1554.56,1617.22,4929.83,5240.03,0.07,0.13,3.05,3.46
318,509878.35,476327.68,9.56,9.82,14.18,12.77,1587.7,1655.07,5057.92,5372.19,0.08,0.15,3.12,3.43
319,509708.57,476149.72,10.18,9.5,14.19,13.05,1624.37,1693.29,5187.02,5508.38,0.08,0.15,3.1,3.6
320,509535.37,475968.81,9.79,9.57,13.92,12.86,1660.42,1731.86,5320.03,5647.44,0.09,0.14,2.95,4.03
321,509356.99,475784.04,9.37,9.95,14.3,12.63,1698.45,1770.62,5455.45,5790.77,0.09,0.14,3.31,3.85
322,509174.3,475598.14,10.26,10.12,14.41,12.79,1739.01,1807.25,5593.42,5937.36,0.1,0.15,3.17,3.92
323,508987.01,475406.68,10.11,10.21,14.58,12.71,1781.62,1844.44,5733.61,6089.14,0.12,0.14,3.25,4.01
324,508800.24,475209.0,10.33,9.93,14.64,12.95,1819.44,1884.46,5878.26,6243.76,0.11,0.16,3.59,3.87
325,508606.75,475009.22,10.24,10.22,14.38,13.53,1859.49,1926.5,6027.55,6398.18,0.12,0.17,3.3,4.34
326,508409.02,474802.23,10.25,9.84,15.39,13.06,1901.35,1969.56,6178.28,6558.89,0.12,0.17,3.79,4.11
327,508209.91,474589.52,9.55,10.59,14.72,12.65,1942.55,2017.32,6330.98,6721.78,0.16,0.17,3.62,3.91
328,508004.16,474376.29,10.04,10.03,14.88,13.0,1983.71,2059.73,6490.71,6889.65,0.18,0.15,3.66,4.41
329,507792.22,474160.38,10.5,10.39,14.55,13.51,2027.92,2100.81,6654.36,7061.34,0.21,0.17,3.39,4.6
330,507580.0,473935.82,10.07,9.69,14.67,13.16,2071.69,2146.08,6818.23,7237.16,0.19,0.17,3.61,4.04
331,507362.3,473708.69,9.98,9.98,14.93,13.52,2115.79,2188.77,6986.85,7418.04,0.22,0.19,3.82,4.68
332,507139.62,473475.31,9.98,9.81,15.29,13.85,2160.34,2235.16,7159.67,7600.95,0.22,0.23,3.95,4.77
333,506914.85,473234.89,10.01,10.3,14.66,13.51,2201.13,2285.52,7338.98,7787.8,0.24,0.23,4.2,4.56
334,506682.31,472992.04,9.81,10.33,15.29,13.56,2246.89,2333.72,7520.3,7979.24,0.22,0.21,4.16,4.76
335,506445.33,472744.85,9.83,9.51,15.89,13.92,2292.8,2381.04,7705.31,8174.71,0.22,0.2,4.46,5.36
336,506207.35,472494.2,9.94,10.09,15.47,14.36,2336.88,2429.91,7893.69,8372.24,0.21,0.18,4.02,5.2
337,505963.22,472238.61,9.66,9.34,14.9,13.78,2384.39,2479.52,8085.07,8573.75,0.21,0.21,4.09,5.09
338,505712.6,471975.46,9.76,9.8,15.33,14.37,2431.64,2530.5,8282.88,8781.39,0.2,0.17,4.52,5.4
339,505457.42,471709.29,10.01,9.46,15.63,14.36,2481.74,2578.85,8482.33,8994.32,0.21,0.16,4.41,5.35
340,505196.24,471436.18,9.69,9.82,15.73,14.55,2529.38,2632.35,8689.81,9209.21,0.23,0.15,4.61,5.45
341,504930.57,471160.48,9.8,9.9,16.05,14.7,2583.38,2683.12,8895.19,9429.3,0.27,0.19,4.9,5.52
342,504659.77,470880.51,10.18,10.06,16.4,14.98,2636.95,2732.19,9106.18,9655.27,0.29,0.2,5.17,6.12
343,504383.41,470593.89,10.23,9.67,16.06,14.36,2688.37,2783.17,9325.31,9886.2,0.27,0.22,5.07,5.59
344,504102.29,470303.73,10.19,9.75,16.24,15.41,2741.85,2832.82,9546.89,10121.03,0.28,0.24,5.35,6.24
345,503818.65,470002.84,9.69,9.83,16.27,14.91,2796.89,2890.76,9768.92,10358.9,0.27,0.24,5.09,5.79
346,503528.73,469697.36,9.92,9.42,16.72,15.9,2851.47,2945.11,9997.44,10603.55,0.29,0.24,5.21,6.67
347,503233.53,469388.11,9.4,9.89,17.08,15.61,2905.33,3001.17,10231.08,10850.95,0.31,0.31,5.65,6.32
348,502932.88,469072.31,9.78,9.84,15.88,15.99,2958.42,3059.47,10472.52,11102.31,0.33,0.3,5.52,6.89
349,502623.96,468749.08,9.81,9.95,17.14,15.87,3014.32,3119.7,10718.23,11359.37,0.31,0.32,6.06,6.73
350,502312.6,468423.31,9.96,9.94,16.52,16.44,3069.26,3176.54,10968.09,11621.77,0.31,0.35,5.38,7.18
351,501992.66,468088.48,10.06,9.37,17.49,15.97,3129.68,3235.25,11220.18,11891.26,0.31,0.38,6.27,7.24
352,501668.48,467751.3,9.69,10.09,17.47,16.32,3186.38,3294.07,11479.84,12163.39,0.35,0.38,6.19,7.19
353,501339.63,467407.29,9.93,9.94,17.77,15.93,3244.94,3356.2,11742.28,12439.25,0.36,0.41,6.46,7.02
354,501004.59,467055.8,9.6,9.7,17.08,17.4,3302.26,3415.81,12012.42,12723.42,0.46,0.42,6.53,8.05
355,500665.65,466697.11,10.44,10.05,17.7,16.45,3358.9,3479.83,12287.48,13011.72,0.44,0.39,6.35,7.65
356,500321.92,466337.03,9.89,9.87,17.37,16.84,3420.48,3541.58,12562.13,13303.06,0.46,0.41,6.19,7.69
357,499971.13,465966.25,10.19,10.0,18.34,16.95,3477.72,3605.61,12847.53,13602.91,0.46,0.36,6.83,7.75
358,499612.17,465594.21,9.34,10.1,17.88,16.99,3542.9,3666.77,13132.77,13906.86,0.46,0.4,6.87,7.96
359,499245.31,465212.45,9.78,9.56,18.55,17.23,3605.46,3727.77,13428.27,14219.95,0.49,0.4,6.92,8.11
360,498876.8,464827.65,10.25,9.79,18.06,17.01,3665.51,3789.89,13728.93,14535.39,0.48,0.42,7.31,7.73
361,498504.57,464435.67,10.26,10.05,18.19,17.8,3723.55,3850.41,14035.15,14859.03,0.52,0.49,6.84,9.01
362,498123.44,464040.89,9.66,9.77,18.06,16.24,3787.14,3913.67,14344.27,15184.05,0.54,0.52,7.31,8.28
363,497736.29,463636.17,10.25,9.88,18.45,17.18,3852.34,3975.31,14657.96,15519.78,0.6,0.57,7.53,8.41
364,497345.79,463227.11,9.51,10.2,18.33,17.75,3912.42,4039.91,14979.52,15856.62,0.64,0.64,7.71,8.9
365,496950.61,462810.73,9.44,9.72,18.68,18.4,3970.31,4105.17,15307.58,16198.98,0.63,0.72,7.59,9.0
366,496545.51,462390.06,9.5,9.66,18.99,17.99,4035.23,4167.02,15638.17,16549.38,0.73,0.81,7.64,9.32
367,496137.61,461963.87,9.59,9.56,19.74,18.53,4093.88,4227.5,15977.26,16906.04,0.74,0.89,8.32,9.39
368,495725.7,461530.5,10.04,9.44,18.57,17.92,4152.79,4290.6,16321.71,17267.84,0.76,0.88,7.91,8.72
369,495306.57,461090.24,9.75,9.59,19.17,18.26,4217.44,4355.05,16666.75,17634.97,0.78,0.89,7.89,9.52
370,494881.2,460647.51,9.66,9.29,19.56,18.75,4278.35,4416.73,17021.29,18006.54,0.8,0.91,8.19,9.64
371,494448.67,460199.18,9.71,10.15,19.37,18.68,4342.61,4479.77,17379.82,18383.29,0.88,0.92,8.11,9.7
372,494012.0,459739.03,9.97,9.54,19.15,19.08,4401.62,4544.11,17748.34,18769.57,0.84,0.91,8.17,10.03
373,493569.78,459276.8,10.04,9.94,19.35,20.11,4464.44,4603.76,18118.36,19161.95,0.91,0.94,8.64,10.7
374,493122.7,458804.12,10.12,9.67,19.08,19.14,4525.76,4671.56,18495.11,19557.31,0.96,0.99,8.0,10.12
375,492671.44,458328.58,10.35,9.8,19.63,19.86,4585.2,4736.44,18877.64,19957.87,0.97,1.03,8.51,10.85
376,492209.07,457849.61,9.39,9.41,20.22,19.85,4652.28,4795.76,19262.07,20367.09,1.0,1.02,8.81,10.67
377,491747.84,457362.73,9.78,9.93,20.37,19.54,4710.41,4863.55,19654.56,20776.47,1.02,1.12,9.06,10.67
378,491277.23,456871.92,9.47,9.75,21.18,19.79,4771.62,4927.58,20052.22,21193.17,1.05,1.16,9.38,10.71
379,490805.37,456371.97,9.75,9.84,20.2,20.49,4828.86,4993.62,20456.33,21616.39,1.11,1.2,9.19,11.5
380,490324.14,455872.66,10.07,9.78,19.95,20.66,4891.7,5051.94,20864.86,22046.49,1.09,1.21,9.19,11.12
381,489836.7,455361.36,9.66,10.04,20.58,20.45,4957.43,5114.27,21275.57,22484.97,1.17,1.29,9.59,11.34
382,489344.95,454849.87,9.9,10.12,22.04,20.61,5016.68,5179.1,21695.91,22921.14,1.19,1.29,10.76,11.8
383,488850.06,454331.64,9.53,10.79,21.47,20.2,5074.57,5240.49,22120.97,23368.52,1.19,1.34,10.24,11.22
384,488348.75,453807.24,9.7,10.22,20.74,20.46,5137.58,5300.81,22548.19,23822.32,1.23,1.38,9.75,11.25
385,487845.83,453279.19,9.47,10.01,21.54,20.77,5191.47,5358.36,22985.11,24282.03,1.27,1.41,10.63,12.14
386,487337.72,452746.73,9.75,9.92,21.8,21.2,5245.04,5413.15,23427.56,24748.45,1.31,1.38,10.67,11.83
387,486821.02,452206.66,10.51,9.58,20.07,20.85,5305.76,5471.83,23873.92,25218.57,1.37,1.38,9.56,11.93
388,486302.24,451663.89,9.84,9.58,21.24,20.99,5359.95,5526.6,24327.12,25695.05,1.36,1.49,10.35,12.48
389,485777.69,451116.69,10.1,9.69,21.57,21.57,5415.81,5581.09,24784.25,26175.92,1.45,1.45,10.35,12.21
390,485245.8,450561.35,9.59,9.81,21.71,21.68,5471.79,5637.99,25247.99,26662.43,1.5,1.51,10.88,12.98
391,484705.82,450000.32,9.1,9.37,21.99,21.32,5532.97,5694.55,25713.82,27154.89,1.58,1.57,10.47,12.07
392,484166.61,449440.32,9.89,10.07,22.27,22.04,5583.36,5743.9,26190.32,27653.49,1.52,1.65,11.14,12.87
393,483628.28,448874.95,10.27,9.98,21.04,21.76,5632.22,5795.6,26669.03,28155.31,1.51,1.72,10.16,12.66
394,483082.45,448305.52,10.03,10.04,21.58,21.93,5685.73,5845.62,27149.77,28662.82,1.54,1.73,10.71,12.87
395,482529.86,447729.14,9.59,10.12,22.29,22.74,5735.66,5898.74,27639.69,29173.37,1.58,1.82,11.41,13.65
396,481971.68,447147.64,9.69,9.83,22.29,23.21,5789.87,5949.85,28131.01,29690.35,1.63,1.85,11.53,14.16
397,481410.72,446563.58,9.88,10.05,23.73,22.38,5841.19,6002.53,28626.78,30209.38,1.65,1.87,12.01,13.25
398,480849.02,445975.61,9.52,9.7,23.21,21.94,5889.9,6053.31,29126.07,30734.39,1.66,1.81,11.38,12.7
399,480279.26,445382.38,9.55,9.8,21.91,22.69,5936.18,6100.41,29637.22,31267.48,1.63,1.96,11.2,13.73
400,479709.63,444787.76,9.85,9.83,23.75,22.92,5979.91,6145.65,30149.13,31803.63,1.72,2.1,12.32,14.01
401,479135.03,444184.72,9.29,9.55,23.02,22.01,6021.6,6195.04,30668.26,32344.64,1.77,2.28,11.95,13.45
402,478556.34,443582.56,9.31,9.9,22.67,23.49,6065.92,6236.06,31189.17,32892.2,1.87,2.27,11.95,14.25
403,477975.78,442980.01,10.5,9.94,22.55,22.99,6109.58,6279.28,31713.93,33438.41,1.96,2.34,11.57,13.63
404,477391.56,442373.69,9.81,9.84,22.88,23.32,6151.0,6322.65,32243.67,33987.83,1.95,2.39,11.68,14.28
405,476806.21,441758.8,10.06,9.92,23.89,23.24,6192.11,6367.55,32773.97,34544.46,2.06,2.43,12.91,14.36
406,476218.67,441145.32,10.04,9.57,23.69,23.47,6227.52,6404.64,33312.41,35106.82,2.1,2.56,12.47,14.32
407,475622.05,440525.7,9.69,9.56,23.89,23.15,6270.67,6441.14,33851.63,35676.27,2.15,2.64,12.81,13.9
408,475023.76,439904.09,9.87,9.97,22.97,24.88,6310.99,6475.47,34396.4,36248.51,2.25,2.77,12.32,14.92
409,474430.45,439277.83,9.49,9.8,23.81,24.35,6344.65,6515.75,34941.79,36819.84,2.19,2.87,12.85,15.27
410,473829.4,438654.12,9.59,9.72,23.05,23.48,6376.8,6547.64,35497.31,37397.91,2.11,2.86,12.33,14.97
411,473226.94,438028.86,9.65,10.12,23.97,22.92,6407.98,6575.99,36054.35,37981.99,2.03,2.89,13.27,13.83
412,472617.9,437399.69,9.61,9.97,23.83,23.71,6446.03,6605.64,36611.04,38567.69,2.11,2.97,12.29,14.93
413,472014.28,436772.45,10.06,9.85,24.44,23.26,6474.84,6630.8,37171.42,39156.37,2.16,2.96,13.04,14.17
414,471402.29,436138.46,9.85,9.65,23.88,24.15,6505.54,6660.84,37738.56,39745.68,2.28,3.1,12.51,15.17
415,470791.34,435502.07,9.68,9.78,23.98,23.27,6534.84,6692.29,38305.75,40337.17,2.44,3.06,13.09,14.59
416,470178.51,434865.27,9.55,9.91,24.12,24.43,6559.9,6714.57,38878.85,40937.16,2.54,3.07,13.42,15.49
417,469572.21,434227.15,9.45,10.13,23.89,24.44,6574.6,6732.3,39456.05,41543.18,2.5,3.13,13.01,15.51
418,468960.38,433590.56,10.28,10.21,24.85,24.39,6596.94,6754.87,40030.83,42142.93,2.64,3.22,13.27,15.39
419,468348.29,432952.9,10.11,9.81,25.01,24.26,6613.38,6778.42,40611.61,42742.51,2.61,3.3,13.83,15.6
420,467728.82,432307.65,9.79,9.84,24.36,25.03,6635.86,6804.55,41193.96,43346.58,2.68,3.16,13.18,15.24
421,467111.04,431662.7,9.7,9.48,24.88,24.51,6652.72,6825.22,41779.63,43955.77,2.75,3.22,13.69,15.87
422,466494.44,431023.63,9.87,9.18,24.96,23.98,6668.41,6831.35,42365.31,44574.08,2.89,3.05,13.77,15.2
423,465875.69,430377.77,9.4,9.81,23.81,24.78,6686.79,6844.36,42951.22,45191.84,2.94,3.17,13.44,15.94
424,465257.73,429729.81,9.81,9.48,23.61,24.69,6697.98,6859.73,43544.17,45809.13,2.96,3.26,13.19,15.93
425,464639.62,429084.68,9.66,9.73,24.85,24.49,6709.15,6872.7,44135.82,46426.4,3.06,3.39,13.48,15.5
426,464019.82,428441.15,9.49,10.01,24.48,25.29,6723.65,6880.71,44726.01,47046.78,3.18,3.25,13.81,16.66
427,463400.82,427796.86,10.2,9.41,24.6,25.06,6732.83,6891.36,45321.46,47664.69,3.15,3.33,13.51,16.28
428,462780.58,427151.55,9.63,9.83,23.99,25.04,6744.2,6898.52,45915.91,48287.58,3.21,3.38,13.4,15.7
429,462159.69,426506.47,10.05,9.83,23.79,24.61,6752.29,6904.6,46514.79,48911.63,3.39,3.55,12.95,15.97
430,461537.86,425860.28,9.39,10.11,24.96,25.7,6765.28,6908.47,47108.1,49538.29,3.35,3.62,13.51,16.49
431,460922.54,425216.18,9.42,9.33,24.47,23.55,6761.14,6916.76,47712.49,50159.81,3.37,3.69,13.57,15.12
432,460304.53,424571.33,9.33,10.2,25.15,24.99,6764.18,6920.06,48311.73,50786.71,3.28,3.55,14.05,15.96
433,459688.14,423925.62,9.61,9.68,24.36,25.17,6763.6,6923.0,48913.88,51414.08,3.35,3.46,13.6,15.73
434,459066.92,423288.94,9.45,9.54,24.39,24.86,6767.83,6919.88,49515.98,52038.56,3.3,3.46,13.23,15.7
435,458449.63,422650.59,9.36,9.7,24.44,25.4,6767.66,6917.54,50118.29,52663.49,3.37,3.52,13.18,16.55
436,457832.72,422010.6,9.3,10.08,24.1,25.62,6766.12,6916.39,50722.02,53289.12,3.29,3.49,13.37,16.39
437,457216.0,421372.56,10.07,9.24,25.83,26.21,6763.54,6910.4,51325.52,53916.12,3.33,3.55,13.91,16.84
438,456599.0,420732.39,10.01,10.03,25.39,25.35,6760.56,6905.73,51929.91,54545.58,3.54,3.61,14.16,15.73
439,455987.37,420096.61,9.59,10.12,24.19,25.09,6752.12,6894.91,52535.39,55177.16,3.53,3.66,13.3,16.05
440,455374.76,419459.74,10.32,9.56,24.68,26.09,6748.69,6888.17,53137.0,55804.18,3.6,3.72,13.69,17.02
441,454756.65,418828.84,9.77,9.29,24.65,25.4,6748.55,6877.29,53740.31,56429.8,3.66,3.77,13.94,16.6
442,454148.09,418198.4,9.74,9.76,25.25,25.72,6736.57,6863.26,54345.3,57058.21,3.7,3.87,14.07,16.52
443,453543.92,417570.79,10.0,9.86,25.34,25.5,6722.48,6844.86,54948.22,57688.64,3.7,3.81,14.45,16.66
444,452936.3,416943.97,9.64,9.2,25.09,25.09,6714.6,6828.09,55548.21,58316.26,3.76,3.89,13.85,16.22
445,452329.52,416317.15,9.64,9.9,25.07,25.07,6708.95,6817.08,56145.21,58939.04,3.76,3.77,14.01,16.09
446,451727.68,415695.96,9.49,9.43,25.27,24.45,6693.73,6798.02,56746.43,59564.11,3.82,3.93,13.94,15.46
447,451126.14,415071.55,9.99,9.56,24.65,24.9,6679.91,6787.22,57347.1,60183.79,3.85,4.12,13.83,15.94
448,450524.62,414454.99,9.51,9.67,25.03,25.06,6663.01,6766.87,57949.96,60805.35,3.89,4.08,13.74,15.91
449,449927.43,413837.85,9.13,9.85,24.3,24.58,6645.63,6744.81,58549.47,61429.68,3.78,4.22,13.62,15.57
450,449330.61,413224.06,9.62,9.88,25.01,25.47,6626.79,6725.89,59149.8,62046.9,3.72,4.12,13.62,16.3
451,448740.04,412612.88,9.81,9.48,24.54,24.99,6606.6,6705.5,59745.85,62662.94,3.7,4.14,13.33,16.14
452,448150.64,412000.07,9.69,9.78,25.34,24.35,6582.7,6687.93,60343.45,63278.68,3.75,4.21,13.92,15.47
453,447558.29,411388.99,9.48,9.35,24.98,25.93,6563.72,6663.81,60939.34,63897.25,3.69,4.26,13.53,16.7
454,446976.59,410784.32,9.3,9.76,25.11,24.25,6543.43,6645.53,61525.55,64505.7,3.66,4.27,13.96,15.84
455,446393.82,410186.05,9.36,9.4,24.87,24.1,6518.5,6616.63,62117.82,65118.19,3.58,4.25,13.55,15.63
456,445816.96,409593.0,9.89,9.4,24.42,24.29,6494.22,6589.0,62704.4,65724.15,3.61,4.08,13.34,15.47
457,445239.85,408996.04,9.89,9.68,24.19,24.48,6470.42,6565.54,63290.95,66329.67,3.67,4.18,13.48,15.45
458,444663.45,408400.95,9.52,9.45,24.81,24.35,6445.77,6539.36,63876.63,66936.05,3.75,4.17,13.66,15.48
459,444097.42,407811.86,9.43,9.98,24.84,24.61,6413.1,6510.08,64459.95,67539.71,3.72,4.25,13.82,15.06
460,443527.56,407228.75,9.51,10.27,24.04,24.41,6389.37,6476.81,65039.05,68141.92,3.68,4.28,12.78,15.84
461,442964.03,406643.22,10.16,9.88,23.14,24.57,6360.14,6449.71,65618.69,68739.74,3.82,4.4,12.77,15.64
462,442397.48,406061.33,9.59,9.57,25.17,23.62,6332.58,6424.77,66197.14,69332.44,3.9,4.48,13.27,14.68
463,441841.24,405484.04,9.99,9.11,24.01,23.5,6295.94,6399.46,66775.99,69920.6,3.91,4.53,12.94,14.54
464,441286.93,404911.3,10.42,8.92,24.53,24.76,6261.9,6365.81,67350.17,70511.1,3.97,4.58,12.76,15.52
465,440732.85,404340.31,9.42,9.37,23.47,23.84,6228.15,6333.32,67923.9,71100.07,4.02,4.62,12.51,14.63
466,440185.01,403774.08,9.45,9.97,24.49,23.57,6196.17,6298.39,68488.73,71687.59,3.97,4.66,13.32,14.87
467,439644.32,403213.12,9.5,10.1,23.64,23.96,6158.78,6262.51,69052.63,72270.59,4.01,4.64,12.99,14.83
468,439105.49,402651.77,9.84,9.8,23.74,24.62,6122.25,6227.2,69614.02,72852.36,4.08,4.71,12.36,14.99
469,438569.19,402098.98,9.52,10.12,24.06,24.16,6084.93,6188.41,70173.31,73429.95,3.87,4.66,13.24,14.98
470,438036.08,401547.81,9.48,9.85,24.13,23.7,6050.11,6154.02,70726.64,74001.65,3.82,4.67,12.89,14.61
471,437505.87,400997.98,9.37,9.14,23.85,24.26,6017.6,6114.09,71274.8,74576.35,3.9,4.61,12.51,14.65
472,436980.94,400455.35,9.55,9.87,23.45,23.74,5978.42,6073.97,71824.94,75145.26,3.97,4.58,12.09,14.21
473,436459.18,399917.63,10.62,10.23,23.66,23.0,5942.11,6033.99,72370.08,75710.12,3.86,4.65,12.71,14.42
474,435944.95,399381.77,10.16,9.83,22.67,22.65,5902.47,5996.59,72911.42,76270.68,3.88,4.53,11.93,14.06
475,435428.22,398849.22,10.05,10.02,23.16,23.39,5868.62,5956.48,73448.89,76830.03,3.88,4.47,12.15,14.26
476,434917.79,398324.52,9.7,9.45,23.39,23.03,5825.99,5910.87,73988.27,77386.8,3.87,4.43,12.89,14.09
477,434411.41,397799.7,9.81,9.98,22.38,22.72,5794.19,5873.85,74513.9,77935.81,3.85,4.52,11.66,13.9
478,433908.2,397283.54,10.21,10.07,23.33,23.39,5754.19,5827.57,75043.91,78484.85,3.93,4.6,11.86,14.26
479,433406.83,396764.02,9.33,9.14,22.29,23.16,5711.86,5792.5,75574.66,79025.46,3.92,4.56,11.73,13.94
480,432909.56,396253.02,9.51,10.02,23.55,22.2,5669.55,5752.97,76100.23,79563.94,3.89,4.43,12.49,13.57
481,432417.57,395741.62,9.39,9.6,23.66,22.94,5632.84,5714.48,76614.72,80100.42,3.83,4.5,12.03,13.35
482,431929.35,395236.7,9.62,9.88,22.26,23.06,5593.81,5675.16,77129.39,80631.53,3.77,4.45,11.14,13.37
483,431445.22,394738.13,9.33,9.86,24.09,22.73,5549.3,5629.47,77643.29,81162.87,3.75,4.5,12.67,13.6
484,430969.56,394244.43,9.66,9.63,22.95,21.9,5497.68,5585.19,78157.36,81688.54,3.67,4.54,11.78,12.94
485,430493.76,393750.48,9.62,9.26,23.05,22.3,5455.25,5542.56,78662.23,82212.07,3.6,4.55,11.6,13.01
486,430021.95,393264.62,8.88,9.64,22.73,22.26,5412.09,5500.43,79163.39,82727.37,3.56,4.62,11.41,13.21
487,429557.53,392782.6,9.61,9.84,22.46,23.7,5369.85,5455.7,79657.2,83240.25,3.56,4.63,11.15,14.11
488,429091.6,392306.57,9.84,9.68,21.74,21.9,5329.24,5406.01,80151.96,83753.8,3.44,4.58,11.16,12.71
489,428634.08,391834.78,10.05,10.4,21.71,22.41,5285.98,5356.85,80641.11,84262.75,3.41,4.57,10.77,13.07
490,428177.52,391368.9,10.03,9.59,23.05,21.57,5244.34,5311.12,81126.33,84762.22,3.37,4.73,11.73,12.83
491,427726.9,390904.97,10.12,9.14,22.87,22.23,5203.25,5265.1,81605.21,85259.15,3.45,4.66,11.36,13.07
492,427280.64,390446.46,9.35,9.86,22.29,21.49,5158.22,5215.66,82083.58,85755.39,3.43,4.74,11.33,12.61
493,426838.94,389990.27,9.27,9.59,21.68,21.99,5113.6,5169.36,82557.43,86245.53,3.49,4.69,10.46,12.81
494,426402.42,389539.32,10.08,9.68,21.94,21.8,5065.35,5121.55,83030.18,86732.23,3.65,4.63,10.91,12.22
495,425971.34,389095.08,9.19,10.12,20.82,21.69,5015.29,5072.32,83499.67,87214.16,3.67,4.6,10.13,12.75
496,425543.8,388654.89,9.55,9.54,21.99,21.4,4968.25,5020.7,83961.73,87694.12,3.75,4.59,10.25,11.77
497,425121.98,388215.64,9.51,9.8,21.84,21.64,4916.15,4976.07,84423.22,88166.16,3.85,4.59,10.73,12.59
498,424701.78,387780.88,9.67,9.12,20.76,20.51,4869.03,4935.17,84879.45,88630.49,3.85,4.53,9.91,11.49
499,424288.44,387347.06,10.06,9.93,20.86,21.14,4817.6,4891.71,85333.45,89096.49,3.82,4.6,10.02,11.87
500,423876.17,386922.05,9.78,9.32,21.36,20.27,4771.9,4848.83,85779.8,89553.48,3.86,4.55,10.49,11.14
501,423468.35,386498.98,10.22,9.56,22.04,20.52,4721.88,4806.15,86225.97,90008.28,3.71,4.54,10.72,11.52
502,423063.81,386081.76,9.93,10.21,21.32,21.24,4678.29,4759.81,86662.74,90460.87,3.68,4.48,10.05,11.67
503,422661.27,385669.63,9.67,9.78,21.98,21.01,4635.04,4711.06,87096.33,90910.43,3.57,4.57,10.13,11.3
504,422262.31,385261.06,9.75,10.22,20.79,21.02,4594.73,4666.38,87524.61,91353.06,3.52,4.39,9.35,11.73
505,421873.12,384857.68,10.03,9.65,21.11,20.92,4546.51,4622.18,87950.93,91789.52,3.53,4.24,9.81,11.51
506,421485.76,384460.73,9.86,9.84,21.21,19.63,4503.96,4575.3,88369.53,92223.57,3.49,4.23,9.85,10.6
507,421102.36,384072.26,9.71,9.87,20.06,20.0,4461.92,4524.36,88784.64,92652.9,3.47,4.18,9.01,10.72
508,420725.73,383679.98,9.95,9.75,21.09,20.15,4416.23,4476.63,89195.75,93082.67,3.54,4.02,9.22,11.45
509,420352.51,383293.76,9.99,9.62,20.45,19.98,4370.6,4429.07,89604.06,93506.12,3.62,3.99,9.61,10.81
510,419984.59,382915.37,9.87,9.74,19.56,19.9,4323.45,4378.55,90009.49,93924.95,3.57,3.91,9.23,11.08
511,419620.52,382544.74,9.92,9.83,20.4,19.81,4276.11,4324.36,90410.43,94339.86,3.56,3.84,9.45,10.9
512,419258.76,382177.84,10.2,9.63,20.72,18.68,4231.65,4272.95,90806.07,94749.18,3.62,3.78,9.18,9.9
513,418905.24,381814.14,9.84,10.07,19.93,20.29,4181.79,4221.51,91199.44,95153.99,3.54,3.89,8.69,10.9
514,418553.75,381451.49,10.03,9.62,19.86,19.57,4133.11,4171.1,91589.91,95557.18,3.41,3.81,8.74,10.48
515,418208.07,381095.23,9.67,9.46,19.06,19.31,4083.57,4121.01,91975.74,95953.72,3.41,3.77,8.13,10.27
516,417867.0,380744.49,9.41,10.09,20.19,18.36,4032.67,4072.51,92357.01,96344.74,3.33,3.72,8.74,9.24
517,417530.54,380399.29,9.79,10.03,18.86,19.27,3984.01,4019.98,92733.08,96733.35,3.31,3.6,7.84,9.65
518,417198.16,380056.09,10.02,9.65,19.17,17.81,3933.57,3971.94,93106.78,97116.46,3.28,3.57,8.13,8.8
519,416868.23,379716.43,9.31,9.14,19.88,19.29,3883.8,3926.18,93476.05,97491.71,3.14,3.59,8.43,9.69
520,416543.03,379383.17,9.96,9.55,18.75,18.48,3836.29,3877.92,93839.99,97864.25,3.12,3.64,7.99,8.95
521,416222.84,379051.82,9.44,10.0,19.57,18.46,3789.82,3830.12,94196.43,98235.0,3.21,3.58,8.27,9.45
522,415906.24,378725.15,9.93,9.66,19.46,18.72,3741.83,3784.21,94551.4,98598.62,3.3,3.48,8.38,9.37
523,415593.88,378403.72,9.46,9.56,19.06,18.09,3697.31,3736.8,94898.67,98959.08,3.31,3.33,8.06,8.83
524,415284.97,378087.93,9.58,9.42,19.24,18.62,3648.09,3685.55,95247.25,99316.96,3.2,3.29,8.08,9.07
525,414981.55,377777.0,9.88,9.73,18.52,18.35,3602.78,3634.8,95587.42,99670.15,3.12,3.16,7.52,9.37
526,414682.7,377470.41,9.36,9.83,19.04,18.82,3553.9,3585.81,95925.63,100016.81,2.96,3.09,7.51,9.33
527,414383.91,377167.86,9.51,9.38,18.23,17.48,3512.85,3539.77,96256.79,100357.25,2.92,3.14,7.44,8.24
528,414092.81,376871.26,9.51,9.16,18.48,17.06,3466.87,3492.01,96584.98,100693.73,2.84,3.12,7.68,8.48
529,413804.74,376579.5,9.55,9.9,19.04,17.26,3419.63,3442.2,96910.85,101027.98,2.79,3.08,7.62,8.25
530,413522.98,376287.2,9.72,10.07,19.33,17.37,3371.43,3400.0,97231.23,101355.27,2.76,2.99,7.5,8.01
531,413242.47,376000.13,10.05,9.56,18.07,18.21,3329.63,3352.9,97545.63,101680.68,2.65,3.1,7.14,8.84
532,412966.34,375719.09,9.82,9.76,19.0,17.4,3282.54,3308.89,97859.62,101998.13,2.7,3.06,7.82,8.08
533,412697.35,375441.83,9.78,9.61,17.9,17.29,3237.11,3258.97,98165.98,102317.68,2.64,3.01,6.93,8.12
534,412430.74,375168.54,9.94,9.95,18.1,17.01,3192.25,3212.93,98469.23,102629.85,2.7,3.11,6.73,8.09
535,412166.4,374897.23,9.33,9.29,19.0,18.1,3145.89,3169.58,98770.24,102935.7,2.72,3.11,7.51,8.36
536,411907.79,374632.08,9.57,10.3,17.28,17.19,3102.63,3122.81,99064.47,103240.72,2.65,3.12,6.78,7.61
537,411653.47,374370.9,9.98,9.98,18.31,16.92,3056.1,3077.41,99356.94,103540.5,2.7,2.98,6.97,7.91
538,411401.29,374116.79,9.85,10.02,17.25,16.69,3012.91,3029.3,99644.91,103836.02,2.7,3.01,6.48,7.5
539,411155.87,373864.72,9.79,10.14,17.46,16.36,2967.49,2984.64,99928.18,104126.64,2.6,2.9,6.23,7.37
540,410911.72,373614.54,9.36,9.99,17.31,16.54,2922.08,2940.44,100209.82,104414.43,2.57,2.94,6.21,7.0
541,410674.06,373369.36,9.79,9.89,17.3,15.9,2876.69,2899.35,100485.49,104694.65,2.44,2.98,6.08,7.16
542,410438.2,373131.16,9.76,10.06,17.51,15.81,2834.3,2853.83,100756.04,104972.68,2.39,2.92,6.15,7.16
543,410204.63,372891.26,9.55,9.15,17.32,16.67,2791.85,2812.85,101024.33,105245.98,2.35,2.98,6.19,7.38
544,409975.41,372656.97,9.64,9.83,16.54,16.25,2752.18,2771.41,101286.33,105515.36,2.34,2.91,6.01,6.88
545,409750.67,372427.72,9.66,9.97,16.97,15.85,2708.05,2730.47,101547.92,105779.78,2.31,2.8,6.18,6.29
546,409529.03,372200.11,10.36,9.12,17.02,15.72,2670.24,2689.94,101800.62,106041.28,2.4,2.84,6.05,6.77
547,409310.67,371978.74,9.77,10.06,16.87,15.49,2630.62,2644.54,102051.56,106302.63,2.34,2.83,5.55,6.48
548,409092.72,371756.98,9.86,9.81,16.93,16.21,2588.81,2606.66,102304.28,106555.96,2.31,2.74,5.68,6.6
549,408880.48,371540.9,10.17,9.87,16.98,16.08,2551.0,2564.75,102547.61,106807.75,2.22,2.73,5.61,6.7
550,408674.26,371329.49,9.52,9.94,16.73,15.33,2507.56,2524.23,102790.04,107054.4,2.24,2.62,5.61,6.49
551,408469.65,371118.64,9.43,10.14,16.16,15.68,2469.72,2488.88,103025.8,107295.04,2.2,2.64,4.92,5.92
552,408268.52,370913.33,9.77,9.61,15.95,15.17,2429.87,2451.16,103260.6,107532.59,2.2,2.56,5.05,6.03
553,408068.08,370710.93,9.67,9.4,17.07,15.04,2393.65,2410.41,103489.92,107770.05,2.14,2.61,5.72,5.98
554,407874.03,370509.73,9.35,10.02,16.06,14.79,2356.67,2373.85,103714.27,108002.95,2.11,2.7,5.22,5.42
555,407682.92,370314.05,9.75,9.64,17.14,14.91,2316.97,2337.0,103937.66,108230.34,2.14,2.57,5.4,5.76
556,407492.41,370121.64,9.62,9.89,15.76,15.47,2279.57,2303.01,104159.52,108451.23,2.05,2.5,4.59,5.9
557,407307.83,369933.59,9.57,9.62,16.15,15.09,2240.89,2262.93,104376.19,108673.85,2.06,2.54,4.73,5.78
558,407124.14,369746.6,9.9,10.0,17.24,14.67,2203.62,2227.51,104589.75,108891.48,2.12,2.65,5.28,5.27
559,406945.02,369562.94,9.63,9.88,16.22,14.93,2167.68,2191.86,104798.18,109105.71,2.16,2.68,4.72,5.68
560,406770.71,369381.81,10.18,10.05,16.14,14.56,2131.23,2158.16,105003.0,109316.11,2.14,2.6,5.13,5.31
561,406596.11,369202.61,9.72,10.01,16.17,14.5,2096.26,2124.35,105206.23,109524.64,2.03,2.59,4.71,5.3
562,406424.23,369030.43,10.37,9.69,16.31,14.52,2064.55,2089.21,105403.86,109727.14,2.05,2.58,4.76,5.37
563,406258.6,368858.74,10.02,9.36,15.99,14.23,2030.83,2054.73,105597.28,109928.51,2.01,2.51,4.26,5.29
564,406095.52,368691.88,10.59,10.17,15.52,13.97,1997.18,2020.17,105789.12,110126.21,1.97,2.43,4.42,5.38
565,405932.65,368523.49,10.27,9.17,15.76,14.3,1965.11,1987.78,105978.57,110321.87,1.97,2.42,4.37,4.89
566,405771.68,368360.62,9.09,9.85,15.52,14.27,1934.97,1954.02,106163.26,110514.15,1.96,2.35,4.16,4.73
567,405612.15,368201.2,9.25,9.83,15.8,13.97,1903.7,1922.42,106347.57,110701.14,1.9,2.24,4.32,4.84
568,405456.28,368045.16,9.36,9.62,14.76,13.81,1876.91,1887.6,106524.86,110887.92,1.87,2.13,4.11,4.8
569,405305.52,367893.44,9.45,9.96,15.07,13.58,1842.87,1853.96,106704.06,111069.69,1.85,2.1,3.72,4.57
570,405157.58,367744.0,9.45,9.88,15.01,13.79,1810.74,1820.02,106878.6,111249.15,1.82,2.11,4.01,4.43
571,405011.25,367592.38,9.6,9.87,15.58,14.15,1780.73,1792.24,107048.99,111424.33,1.79,2.05,3.78,4.59
572,404869.92,367446.78,10.18,10.24,15.17,13.14,1748.39,1761.76,107217.67,111597.6,1.79,1.96,4.11,4.23
573,404728.26,367302.36,10.32,9.88,15.24,13.72,1718.67,1729.94,107384.11,111770.03,1.81,1.93,3.62,4.37
574,404589.49,367160.29,10.11,9.62,15.33,13.26,1690.13,1701.75,107546.2,111936.81,1.81,1.77,3.75,4.41
575,404453.22,367021.36,10.0,9.68,14.46,13.51,1661.68,1672.17,107706.48,112101.45,1.79,1.81,3.49,4.37
576,404318.79,366886.2,9.71,10.09,14.4,12.86,1634.69,1644.16,107863.21,112261.87,1.79,1.79,3.31,4.12
577,404186.15,366754.37,10.15,9.99,14.84,13.15,1607.02,1614.78,108018.85,112419.97,1.77,1.74,3.56,4.2
578,404057.28,366625.7,9.41,10.06,15.79,13.4,1578.32,1584.79,108170.04,112575.29,1.77,1.74,3.68,4.33
579,403929.78,366498.08,9.43,10.11,14.6,13.5,1552.02,1556.74,108318.74,112727.54,1.7,1.77,3.11,4.07
580,403805.73,366371.87,10.06,9.81,14.57,13.07,1524.11,1527.27,108466.26,112879.99,1.63,1.74,3.32,4.1
581,403683.53,366248.67,9.46,9.54,14.58,12.87,1498.06,1499.43,108609.47,113027.75,1.55,1.69,3.22,3.94
582,403563.54,366127.48,9.25,9.94,14.3,13.01,1468.71,1473.43,108753.74,113171.9,1.57,1.66,3.05,3.63
583,403446.3,366008.99,9.37,9.67,14.11,12.77,1440.31,1446.21,108894.61,113314.57,1.6,1.6,3.17,3.45
584,403331.15,365893.57,9.68,9.86,14.41,12.96,1413.34,1419.42,109032.07,113453.67,1.53,1.61,3.09,3.78
585,403219.18,365778.52,10.62,9.82,14.55,12.89,1388.34,1394.15,109165.04,113591.05,1.6,1.48,3.08,3.7
586,403105.57,365667.01,9.39,9.61,14.81,13.09,1365.88,1368.57,109295.73,113724.66,1.56,1.48,3.08,3.7
587,402997.75,365557.73,10.09,10.36,14.19,12.08,1340.07,1343.46,109425.27,113857.3,1.55,1.51,2.75,3.44
588,402892.41,365450.9,10.07,9.68,14.01,12.89,1314.17,1317.96,109552.54,113986.49,1.58,1.44,2.81,3.26
589,402787.95,365344.84,9.99,10.28,14.01,12.48,1288.92,1292.72,109678.27,114115.59,1.54,1.44,2.74,3.14
590,402686.46,365238.87,10.27,9.64,13.69,12.33,1263.75,1272.48,109801.49,114239.16,1.56,1.39,2.61,3.06
591,402583.66,365137.28,9.49,9.7,14.09,12.64,1240.23,1249.89,109923.24,114360.43,1.53,1.36,2.73,3.21
592,402484.49,365038.05,10.19,9.7,14.12,12.8,1216.91,1223.92,110041.75,114482.44,1.58,1.45,2.79,3.65
593,402387.62,364939.18,9.52,9.64,14.59,13.13,1192.89,1200.21,110157.56,114601.57,1.59,1.41,2.77,3.02
594,402291.53,364843.26,9.46,9.31,13.21,12.34,1172.67,1175.73,110270.15,114718.92,1.56,1.43,2.38,3.03
595,402196.58,364748.89,9.86,10.15,14.49,12.09,1152.01,1153.75,110381.11,114833.3,1.58,1.46,2.56,2.86
596,402104.83,364655.8,9.99,10.47,13.95,12.23,1130.07,1134.43,110490.93,114943.98,1.49,1.43,2.53,3.03
597,402015.79,364565.34,9.94,9.65,13.85,12.61,1108.79,1113.06,110597.34,115052.8,1.49,1.48,2.25,2.82
598,401928.07,364477.28,9.99,10.2,14.39,12.13,1085.21,1093.51,110704.32,115158.43,1.41,1.53,2.71,2.69
599,401840.27,364390.46,10.03,9.87,14.07,12.38,1066.26,1069.67,110807.12,115266.62,1.32,1.49,2.51,2.82
600,401755.99,364304.64,10.02,9.82,13.7,11.89,1045.24,1051.02,110908.8,115369.06,1.26,1.45,2.45,2.44
601,401672.55,364219.99,9.59,8.67,14.26,11.54,1023.52,1029.06,111009.37,115472.87,1.18,1.38,2.01,2.4
602,401591.36,364137.47,10.07,9.39,13.13,11.84,1004.16,1009.41,111106.91,115572.61,1.13,1.36,2.03,2.56
603,401509.97,364057.93,9.73,9.46,14.08,11.15,986.5,989.83,111201.59,115670.13,1.15,1.27,2.31,2.24
604,401430.71,363979.58,9.53,9.82,13.62,11.75,968.16,970.68,111295.11,115765.72,1.14,1.25,2.46,2.39
605,401354.12,363901.01,9.52,9.23,13.14,11.55,950.05,952.13,111386.21,115860.53,1.12,1.24,2.06,2.36
606,401277.07,363826.2,9.47,9.84,13.88,11.38,932.92,933.13,111476.01,115952.72,1.09,1.32,2.04,2.32
607,401202.95,363752.52,9.95,10.15,13.46,11.58,914.6,917.23,111564.98,116040.94,1.05,1.25,2.08,2.45
608,401129.84,363679.91,9.44,9.58,13.77,11.84,897.81,898.39,111650.5,116130.09,1.1,1.29,1.96,2.38
609,401057.04,363608.31,9.64,9.67,13.47,11.35,882.34,880.9,111734.98,116217.49,1.06,1.3,1.96,2.15
610,400988.17,363536.18,9.67,9.43,13.03,11.86,862.8,866.0,111820.06,116302.14,1.03,1.25,2.0,2.23
611,400919.84,363467.55,9.4,9.64,12.74,11.22,845.87,850.42,111902.03,116384.8,0.98,1.22,1.82,2.29
612,400852.06,363400.93,9.68,9.85,13.37,11.58,829.06,835.13,111982.93,116465.04,0.98,1.16,1.63,2.05
613,400787.84,363335.03,9.84,9.68,12.55,11.28,813.11,818.8,112060.51,116545.7,0.86,1.13,1.9,2.13
614,400723.36,363272.0,9.92,9.56,13.12,10.94,796.87,800.29,112138.03,116625.89,0.86,1.1,1.99,2.02
615,400661.47,363209.2,9.81,9.75,13.13,11.14,778.87,785.75,112214.57,116701.82,0.89,1.12,1.66,2.01
616,400599.35,363147.06,10.14,10.3,13.86,10.84,763.48,769.62,112288.4,116779.62,0.85,1.05,1.75,1.78
617,400539.64,363087.43,9.71,9.81,13.37,11.81,746.73,753.16,112361.17,116853.68,0.88,1.08,1.84,1.95
618,400480.59,363028.46,9.95,9.53,12.8,10.62,731.66,738.74,112432.43,116926.06,0.89,1.0,1.53,1.61
619,400422.91,362971.05,9.72,9.74,12.97,11.0,715.69,723.26,112502.87,116997.7,0.85,0.99,1.77,1.92
620,400366.41,362914.67,9.74,9.7,13.5,11.07,700.02,707.54,112571.32,117068.41,0.81,1.01,1.87,1.78
621,400310.45,362861.07,9.24,9.68,13.04,11.12,685.27,691.44,112638.27,117136.72,0.77,0.96,1.61,1.92
622,400256.02,362806.54,9.58,9.36,13.43,11.66,670.77,676.28,112703.37,117204.16,0.75,0.91,1.52,1.71
623,400201.44,362755.8,9.61,9.94,13.18,10.98,657.88,660.86,112767.28,117269.3,0.74,0.89,1.49,1.8
624,400150.12,362704.38,9.63,10.24,12.73,11.29,642.63,648.86,112830.78,117331.73,0.71,0.83,1.31,1.58
625,400099.05,362655.33,9.71,9.99,12.2,10.8,630.28,632.92,112891.72,117395.97,0.7,0.77,1.26,1.48
626,400049.34,362604.97,9.88,9.48,12.5,10.47,618.05,620.1,112951.07,117458.21,0.67,0.72,1.31,1.46
627,400000.56,362556.2,9.67,9.79,12.68,10.95,605.3,607.48,113009.61,117518.44,0.65,0.72,1.43,1.55
628,399952.07,362509.74,10.42,10.4,12.52,11.2,594.52,594.75,113066.77,117576.86,0.66,0.69,1.42,1.52
629,399905.55,362463.74,10.1,10.15,13.31,11.1,581.83,581.88,113122.79,117634.8,0.64,0.67,1.39,1.57
630,399858.88,362419.48,9.88,9.87,12.65,10.55,571.37,569.63,113177.14,117690.64,0.65,0.66,1.25,1.35
631,399814.68,362376.28,9.58,10.0,12.65,10.94,558.21,556.99,113231.46,117745.51,0.62,0.69,1.22,1.81
632,399769.66,362334.72,9.61,10.2,12.91,10.87,546.99,544.04,113284.45,117799.29,0.57,0.75,1.47,1.31
633,399726.9,362293.57,9.3,9.57,12.9,10.39,535.63,532.23,113335.01,117851.38,0.53,0.8,1.11,1.44
634,399685.14,362252.88,10.05,10.2,12.48,10.24,524.89,521.96,113385.09,117902.24,0.52,0.86,1.19,1.19
635,399645.92,362211.76,9.8,9.96,12.37,10.6,511.96,511.38,113434.7,117953.35,0.49,0.81,1.27,1.28
636,399605.0,362173.22,9.79,9.68,12.64,10.72,501.8,500.11,113482.94,118002.11,0.48,0.82,1.17,1.22
637,399566.11,362133.99,9.23,9.67,12.63,10.38,489.69,488.97,113530.58,118051.84,0.44,0.75,1.17,1.27
638,399526.86,362096.83,9.56,10.1,12.65,10.69,478.61,478.59,113577.87,118098.8,0.39,0.74,0.95,1.33
639,399489.77,362059.6,10.18,10.29,12.72,10.46,467.68,469.51,113623.35,118145.02,0.39,0.66,1.02,1.15
640,399452.74,362024.16,9.42,9.59,12.15,10.59,457.24,459.43,113668.09,118189.53,0.39,0.67,1.06,1.2
641,399417.44,361989.96,10.06,9.9,11.94,10.27,447.89,448.78,113710.8,118234.04,0.45,0.64,1.01,1.16
642,399381.4,361955.75,9.72,9.33,12.6,10.27,439.69,439.96,113752.15,118276.11,0.46,0.66,1.03,1.18
643,399346.76,361921.25,9.48,9.5,12.37,10.73,429.42,432.13,113794.16,118317.19,0.47,0.68,1.09,1.25
644,399312.63,361888.3,9.73,9.37,12.54,10.48,419.49,423.11,113835.47,118358.08,0.41,0.65,0.86,1.02
645,399280.36,361856.49,9.62,9.61,11.68,10.53,410.65,412.83,113874.5,118399.22,0.43,0.68,0.95,1.04
646,399247.52,361825.15,9.99,9.44,12.26,10.36,401.95,404.04,113913.8,118438.44,0.4,0.67,1.04,0.98
647,399216.36,361795.1,10.01,9.96,11.95,10.22,395.11,394.29,113949.85,118477.97,0.41,0.68,0.97,1.1
648,399185.06,361765.07,9.19,9.77,12.33,10.35,385.87,385.21,113987.29,118516.55,0.37,0.63,0.8,1.03
649,399155.0,361736.24,9.7,9.73,11.73,10.51,378.47,376.04,114022.73,118553.82,0.36,0.58,0.85,1.14
650,399125.29,361708.23,9.82,10.26,11.97,10.25,370.21,368.14,114058.54,118589.74,0.37,0.58,0.84,0.8
651,399096.32,361681.41,9.57,10.43,11.89,10.14,361.88,361.94,114093.51,118623.06,0.38,0.57,0.71,0.92
652,399067.99,361654.03,10.25,9.99,12.09,10.26,354.23,354.55,114127.68,118657.62,0.35,0.51,0.61,0.83
653,399040.23,361627.05,9.43,9.08,12.21,9.83,345.69,346.26,114161.22,118692.17,0.33,0.48,0.79,0.81
654,399012.84,361600.93,9.5,9.96,12.14,10.46,338.26,339.05,114193.4,118724.99,0.33,0.49,0.8,0.93
655,398986.46,361576.23,10.07,9.66,12.03,9.79,330.14,331.26,114225.93,118757.38,0.34,0.46,0.64,0.88
656,398960.01,361550.97,9.26,9.87,12.42,10.84,322.58,324.28,114256.8,118788.71,0.32,0.4,0.76,0.97
657,398934.54,361528.17,9.08,9.87,12.08,10.37,315.0,315.55,114286.84,118819.78,0.33,0.36,0.85,0.99
658,398909.33,361505.8,9.6,9.9,12.2,9.47,308.77,308.33,114315.68,118849.82,0.33,0.34,0.78,0.73
659,398885.12,361482.56,10.04,10.14,12.32,10.53,302.49,301.66,114343.88,118879.35,0.34,0.33,0.76,0.76
660,398861.7,361461.26,10.33,10.21,12.01,10.21,296.17,294.58,114371.95,118907.72,0.33,0.34,0.68,0.81
661,398839.28,361439.77,10.02,9.76,11.67,10.37,289.52,287.61,114399.37,118935.56,0.33,0.35,0.61,0.82
662,398816.2,361418.45,9.58,9.9,11.69,10.23,284.1,281.12,114425.79,118963.06,0.3,0.33,0.65,0.69
663,398793.87,361398.76,10.01,9.96,12.46,10.48,277.87,273.89,114451.89,118989.45,0.31,0.34,0.68,0.66
664,398770.92,361378.94,9.04,9.67,12.03,9.86,271.85,268.48,114477.84,119014.52,0.34,0.31,0.56,0.62
665,398749.73,361359.8,9.72,9.67,12.14,10.21,265.78,262.51,114502.67,119039.08,0.35,0.32,0.55,0.67
666,398728.94,361340.11,9.48,9.4,11.65,9.89,260.23,257.07,114526.82,119063.69,0.37,0.35,0.7,0.62
667,398708.34,361321.14,10.05,9.63,11.24,10.28,255.24,250.52,114551.24,119088.57,0.35,0.34,0.49,0.59
668,398688.03,361303.32,9.77,9.81,12.62,10.21,249.22,244.13,114574.7,119112.36,0.37,0.36,0.55,0.62
669,398668.67,361286.63,10.12,10.07,11.95,9.77,243.64,237.81,114597.81,119135.66,0.37,0.37,0.54,0.64
670,398650.2,361268.32,10.04,9.54,11.67,10.21,238.67,233.01,114619.63,119158.12,0.36,0.35,0.39,0.62
671,398631.07,361251.34,9.16,9.8,11.82,10.81,233.39,227.34,114641.39,119179.77,0.35,0.34,0.61,0.63
672,398612.43,361235.24,9.87,9.77,12.26,9.91,228.1,221.73,114662.94,119201.37,0.34,0.31,0.48,0.67
673,398595.14,361219.8,9.59,10.13,11.73,9.5,221.84,217.15,114684.38,119222.05,0.31,0.28,0.4,0.49
674,398577.23,361204.37,9.79,9.9,11.84,10.27,216.54,212.22,114705.54,119242.05,0.31,0.27,0.49,0.59
675,398560.63,361189.16,9.93,9.42,11.94,9.75,211.4,207.5,114725.29,119261.69,0.29,0.23,0.53,0.55
676,398544.44,361173.86,9.66,9.58,12.5,9.97,206.23,203.56,114743.81,119280.51,0.29,0.26,0.46,0.6
677,398528.48,361159.81,9.27,9.81,11.84,9.92,201.26,197.95,114762.16,119300.05,0.3,0.27,0.37,0.46
678,398512.63,361145.43,9.29,9.66,11.91,10.0,195.72,193.42,114780.94,119318.6,0.29,0.29,0.47,0.53
679,398497.14,361132.25,9.82,9.5,11.92,9.31,191.67,189.22,114798.41,119336.19,0.26,0.27,0.45,0.44
680,398482.52,361118.98,9.96,9.77,12.05,10.07,186.61,184.65,114816.0,119353.73,0.26,0.27,0.37,0.42
681,398468.88,361106.38,9.92,9.73,11.25,10.17,181.33,179.71,114833.63,119370.82,0.22,0.28,0.37,0.49
682,398455.52,361094.27,10.01,10.15,11.73,10.22,176.51,175.25,114850.07,119387.3,0.24,0.3,0.43,0.55
683,398441.93,361080.03,9.6,8.87,11.35,10.5,172.91,171.48,114865.5,119403.71,0.25,0.27,0.4,0.5
684,398429.17,361068.47,10.0,10.39,11.65,10.34,168.28,167.78,114881.23,119419.03,0.26,0.26,0.41,0.55
685,398415.79,361056.71,9.79,9.68,11.84,9.83,164.21,163.89,114896.65,119434.56,0.24,0.23,0.39,0.41
686,398402.68,361044.51,9.67,9.85,12.0,9.68,159.95,160.5,114911.7,119450.32,0.23,0.23,0.41,0.45
687,398389.76,361033.91,9.67,9.75,11.68,9.98,156.81,156.39,114925.76,119464.79,0.22,0.24,0.3,0.49
688,398377.65,361023.19,9.71,9.78,11.63,9.5,152.33,152.89,114940.43,119479.29,0.22,0.24,0.44,0.4
689,398365.42,361013.01,9.81,9.78,11.6,9.58,148.82,149.44,114954.4,119493.09,0.2,0.27,0.39,0.5
690,398354.1,361002.59,9.8,9.69,11.29,9.89,145.35,146.7,114967.71,119506.09,0.19,0.23,0.24,0.48
691,398342.03,360991.67,9.85,9.68,12.3,10.19,142.59,143.81,114980.13,119519.38,0.15,0.24,0.45,0.35
692,398330.03,360982.47,9.44,9.87,12.08,9.54,139.46,140.44,114992.62,119532.27,0.15,0.25,0.34,0.4
693,398319.12,360972.17,9.6,9.22,11.57,9.3,136.02,137.92,115005.04,119545.04,0.11,0.22,0.29,0.24
694,398308.44,360962.92,10.01,9.82,12.06,9.9,133.19,134.94,115016.52,119557.2,0.09,0.21,0.29,0.23
695,398297.25,360954.2,9.43,9.7,11.61,9.47,130.65,131.31,115028.07,119569.78,0.09,0.21,0.26,0.44
696,398287.16,360946.63,9.65,9.89,11.72,8.98,127.17,128.08,115039.56,119581.51,0.1,0.19,0.27,0.26
697,398276.49,360939.66,9.29,10.12,11.63,9.4,124.4,125.25,115050.7,119592.04,0.06,0.18,0.26,0.29
698,398266.68,360931.07,9.29,9.3,11.66,9.63,121.91,122.45,115060.62,119603.1,0.07,0.18,0.22,0.32
699,398257.22,360923.21,9.78,9.87,11.62,9.44,119.15,119.76,115071.01,119614.08,0.06,0.18,0.29,0.19
700,398247.46,360914.34,9.84,9.13,12.27,10.04,115.84,116.94,115081.65,119624.86,0.06,0.18,0.27,0.34
701,398236.98,360906.57,9.49,9.91,12.59,9.58,113.33,114.2,115091.54,119635.7,0.06,0.18,0.24,0.2
702,398228.25,360898.72,9.86,9.68,11.5,10.38,110.65,111.04,115101.31,119646.04,0.06,0.15,0.24,0.25
703,398219.05,360891.72,9.71,9.55,12.25,9.21,107.65,108.47,115110.96,119655.98,0.07,0.12,0.28,0.2
704,398209.27,360884.28,9.4,9.4,11.74,9.84,105.37,105.89,115120.67,119665.58,0.08,0.1,0.2,0.29
705,398200.59,360877.7,9.88,9.64,11.56,9.84,103.47,103.47,115129.57,119674.38,0.08,0.1,0.18,0.23
706,398192.76,360871.21,9.78,9.75,11.65,9.82,101.39,101.82,115137.62,119682.47,0.07,0.08,0.3,0.28
707,398183.42,360864.3,8.92,8.99,12.08,9.57,99.57,99.27,115145.61,119691.34,0.08,0.09,0.24,0.27
708,398176.09,360858.4,9.96,9.8,11.52,9.73,97.1,96.41,115153.84,119700.15,0.09,0.11,0.22,0.26
709,398168.23,360852.56,9.4,9.51,11.67,9.85,94.23,94.09,115162.29,119707.98,0.1,0.1,0.21,0.28
710,398160.59,360846.36,9.49,9.53,11.6,9.54,92.3,91.92,115169.74,119716.32,0.11,0.12,0.23,0.22
711,398152.81,360840.36,9.48,9.29,11.86,9.83,89.72,89.3,115177.72,119724.41,0.11,0.11,0.21,0.26
712,398145.43,360834.16,10.08,9.47,11.79,10.31,87.48,87.05,115185.61,119732.02,0.13,0.11,0.12,0.23
713,398138.43,360828.71,10.04,10.03,11.81,10.27,85.75,84.63,115192.56,119739.64,0.14,0.12,0.25,0.22
714,398131.44,360823.93,9.65,9.73,11.68,9.63,83.63,82.43,115199.65,119746.71,0.13,0.13,0.17,0.16
715,398124.29,360818.54,9.07,9.56,11.42,9.72,81.51,80.3,115206.58,119754.08,0.12,0.12,0.1,0.2
716,398117.05,360813.09,9.47,9.32,11.93,9.66,79.49,78.34,115213.37,119761.16,0.13,0.11,0.2,0.18
717,398109.81,360808.61,10.06,10.05,12.29,9.72,78.43,76.68,115219.44,119767.64,0.13,0.1,0.15,0.2
718,398103.04,360804.12,9.5,9.76,11.83,9.72,76.15,74.66,115226.16,119774.21,0.13,0.08,0.18,0.15
719,398096.39,360799.05,9.93,9.72,11.87,9.93,75.02,73.19,115232.0,119780.55,0.13,0.07,0.16,0.2
720,398089.89,360794.9,9.88,9.62,11.64,9.62,73.6,71.94,115238.19,119785.98,0.1,0.04,0.15,0.17
721,398083.81,360791.49,9.54,9.8,11.15,9.29,72.17,70.23,115244.08,119791.6,0.11,0.05,0.16,0.14
722,398077.78,360787.93,9.63,9.49,11.99,9.42,70.36,68.46,115249.56,119797.0,0.11,0.05,0.18,0.21
723,398072.42,360784.62,10.01,9.71,12.1,9.47,68.51,66.76,115254.68,119802.24,0.11,0.06,0.14,0.14
724,398066.85,360780.62,9.59,9.38,11.71,9.46,66.83,64.77,115259.8,119808.14,0.12,0.07,0.17,0.13
725,398060.95,360777.22,9.64,9.53,11.86,9.45,65.22,62.72,115265.1,119813.69,0.11,0.05,0.16,0.21
726,398055.94,360773.09,10.21,8.84,12.03,9.69,63.45,60.76,115270.07,119818.94,0.1,0.04,0.21,0.23
727,398050.46,360770.11,9.71,10.1,11.78,10.18,61.97,58.58,115274.97,119824.02,0.09,0.04,0.14,0.13
728,398045.97,360767.69,10.03,10.01,11.8,9.42,60.03,57.54,115279.62,119828.06,0.1,0.05,0.19,0.13
729,398040.73,360764.63,9.44,10.28,11.65,9.93,58.89,56.3,115283.8,119832.71,0.09,0.05,0.13,0.21
730,398035.78,360761.53,9.86,9.59,11.05,9.99,57.89,54.77,115288.58,119836.95,0.07,0.04,0.13,0.15
731,398031.3,360758.51,9.83,9.71,11.83,9.63,56.19,53.9,115292.77,119840.92,0.06,0.04,0.1,0.11
732,398026.4,360755.7,9.52,9.62,11.54,9.54,54.53,52.94,115297.31,119844.77,0.06,0.04,0.1,0.11
733,398022.17,360753.13,9.92,10.07,11.77,9.96,52.91,51.64,115301.3,119848.75,0.07,0.04,0.07,0.17
734,398017.88,360750.37,9.37,9.74,11.21,9.93,51.7,50.54,115304.96,119852.43,0.07,0.03,0.11,0.08
735,398013.47,360748.69,9.85,10.13,11.84,9.39,50.62,48.84,115308.45,119856.55,0.08,0.03,0.18,0.11
736,398009.7,360746.99,9.77,10.09,11.44,9.25,49.16,47.72,115312.0,119860.21,0.09,0.03,0.16,0.18
737,398005.76,360745.18,9.52,10.06,11.35,9.47,47.71,46.99,115315.58,119863.34,0.07,0.03,0.09,0.05
738,398001.63,360743.47,9.55,10.21,11.98,9.39,46.36,46.54,115318.62,119866.32,0.08,0.03,0.03,0.12
739,397997.81,360741.09,9.99,9.59,11.57,10.02,45.19,45.22,115322.02,119869.59,0.09,0.03,0.09,0.13
740,397993.72,360739.52,9.96,10.05,11.84,9.61,44.27,44.2,115325.15,119872.6,0.09,0.05,0.1,0.15
741,397990.9,360737.46,10.14,9.68,11.3,9.83,42.8,43.28,115328.28,119875.43,0.09,0.05,0.17,0.07
742,397987.11,360736.06,9.37,9.63,11.45,9.34,41.62,42.24,115331.18,119878.15,0.08,0.06,0.08,0.16
743,397982.96,360734.52,9.27,9.79,11.89,9.49,40.99,41.11,115333.33,119881.11,0.09,0.07,0.1,0.1
744,397979.1,360732.56,9.6,9.95,11.91,10.02,39.86,40.24,115335.97,119883.87,0.13,0.07,0.1,0.08
745,397975.77,360730.7,9.85,10.12,11.62,10.49,38.97,39.19,115338.42,119886.41,0.13,0.07,0.1,0.16
746,397972.14,360729.06,10.08,9.59,12.17,9.61,37.9,38.13,115341.05,119889.1,0.11,0.06,0.11,0.1
747,397968.83,360726.79,9.72,9.55,11.79,10.32,36.92,36.98,115343.28,119891.76,0.1,0.05,0.07,0.14
748,397965.41,360725.22,9.56,9.47,11.77,9.52,35.88,36.23,115345.53,119894.03,0.1,0.05,0.12,0.08
749,397962.12,360723.65,9.72,9.54,11.75,9.83,34.94,35.07,115347.74,119896.46,0.09,0.06,0.06,0.06
750,397959.05,360723.36,10.02,10.65,12.13,9.76,34.25,34.07,115349.4,119898.63,0.08,0.07,0.04,0.08
751,397956.11,360722.21,10.16,9.67,11.98,9.56,33.33,33.28,115351.46,119900.68,0.06,0.07,0.06,0.06
752,397952.72,360721.02,9.36,9.83,11.9,9.89,32.21,32.5,115353.42,119902.6,0.07,0.06,0.11,0.08
753,397949.99,360719.92,9.66,9.21,11.49,9.22,31.17,31.74,115355.35,119904.45,0.08,0.06,0.04,0.07
754,397946.55,360719.91,9.36,10.08,11.85,9.51,30.46,30.77,115357.04,119906.0,0.05,0.06,0.06,0.12
755,397943.66,360718.08,9.73,9.51,11.71,10.41,29.82,29.61,115358.59,119908.09,0.05,0.06,0.05,0.04
756,397940.87,360716.71,9.56,9.31,11.55,10.03,28.68,28.87,115360.52,119909.48,0.06,0.06,0.06,0.06
757,397938.99,360716.72,9.81,10.03,11.02,9.27,27.48,27.96,115362.39,119911.14,0.06,0.06,0.02,0.08
758,397936.28,360715.13,9.88,9.22,11.99,9.82,27.01,27.42,115363.47,119912.69,0.05,0.04,0.03,0.08
759,397933.3,360714.34,9.5,9.3,11.94,9.44,26.27,26.63,115364.75,119914.13,0.05,0.04,0.06,0.09
760,397930.48,360713.12,9.75,9.31,11.88,10.04,25.58,26.03,115366.14,119915.24,0.04,0.02,0.04,0.08
761,397928.09,360712.79,9.62,9.8,11.34,9.63,24.94,25.35,115367.46,119916.41,0.03,0.03,0.03,0.11
762,397925.16,360712.6,9.5,9.52,12.1,9.36,24.16,24.46,115368.56,119917.65,0.04,0.03,0.08,0.1
763,397923.16,360711.72,9.91,9.06,11.37,9.54,23.56,23.76,115369.69,119918.75,0.05,0.03,0.03,0.03
764,397921.03,360710.96,9.72,9.56,11.34,9.52,22.85,23.04,115370.91,119920.27,0.05,0.03,0.02,0.06
765,397918.62,360710.75,9.68,9.64,11.84,9.55,22.48,22.65,115371.53,119920.96,0.05,0.03,0.04,0.09
766,397915.27,360710.54,9.46,9.89,12.43,9.71,21.82,22.16,115372.57,119921.84,0.05,0.03,0.06,0.01
767,397912.96,360710.45,9.59,9.9,11.77,9.67,21.42,21.61,115373.1,119922.71,0.05,0.03,0.04,0.05
768,397910.42,360709.87,9.7,9.05,11.91,9.29,21.18,20.9,115373.68,119923.78,0.04,0.01,0.03,0.04
769,397908.41,360709.88,9.74,10.07,11.59,9.9,20.85,20.47,115374.17,119924.36,0.04,0.02,0.01,0.06
770,397906.31,360710.02,10.06,9.89,11.82,9.42,20.46,20.13,115374.9,119925.03,0.04,0.02,0.1,0.04
771,397904.4,360709.75,9.92,9.8,11.75,9.88,20.11,19.74,115375.33,119925.61,0.04,0.02,0.05,0.05
772,397902.24,360710.27,9.26,10.06,11.29,9.24,19.42,19.21,115376.14,119926.45,0.05,0.01,0.05,0.04
773,397900.02,360710.35,9.45,10.09,11.81,9.88,18.96,18.98,115376.46,119926.81,0.05,0.01,0.05,0.04
774,397897.88,360709.93,9.86,9.44,12.15,9.74,18.45,18.4,115376.83,119927.49,0.04,0.03,0.01,0.03
775,397896.34,360710.44,9.84,9.74,11.35,9.18,18.01,18.17,115377.3,119927.77,0.04,0.03,0.03,0.06
776,397894.63,360710.41,9.76,9.65,11.26,9.87,17.78,17.64,115377.74,119928.11,0.04,0.03,0.07,0.08
777,397892.47,360710.6,9.53,9.39,11.25,9.25,17.51,17.35,115378.46,119928.35,0.03,0.03,0.04,0.12
778,397890.82,360710.59,9.6,9.73,11.65,9.59,16.81,17.01,115378.78,119928.84,0.01,0.03,0.04,0.08
779,397889.07,360710.97,9.44,9.98,11.11,9.69,16.59,16.54,115379.09,119929.2,0.0,0.05,0.01,0.04
780,397886.62,360710.76,9.23,9.32,11.77,9.46,15.98,16.16,115379.61,119929.65,0.0,0.05,0.04,0.02
781,397885.17,360710.41,9.93,8.99,11.7,9.38,15.45,15.56,115379.82,119930.21,0.0,0.05,0.03,0.03
782,397883.47,360711.38,9.86,10.06,12.16,9.28,14.78,15.22,115379.89,119930.37,0.0,0.04,0.07,0.04
783,397882.27,360711.75,9.89,9.73,11.37,9.82,14.58,14.89,115379.81,119930.24,0.0,0.04,0.01,0.05
784,397880.11,360711.71,9.29,9.44,11.43,9.77,14.4,14.56,115380.01,119930.28,0.0,0.04,0.03,0.02
785,397878.98,360711.95,9.99,9.43,11.63,9.23,14.07,14.15,115379.83,119930.65,0.0,0.04,0.01,0.02
786,397877.05,360711.91,9.37,8.98,11.91,9.26,13.62,13.76,115379.67,119930.8,0.0,0.04,0.04,0.04
787,397875.15,360712.48,9.36,9.98,11.69,9.7,13.07,13.25,115379.79,119931.02,0.0,0.04,0.01,0.02
788,397874.14,360712.34,9.53,9.4,10.95,9.86,12.59,12.83,115379.86,119931.12,0.0,0.04,0.01,0.02
789,397872.26,360712.2,9.82,9.67,12.05,10.39,12.36,12.76,115379.74,119930.63,0.0,0.02,0.02,0.05
790,397870.06,360712.71,9.44,9.62,12.03,9.61,12.08,12.51,115379.63,119930.38,0.0,0.02,0.05,0.02
791,397868.87,360713.7,9.92,9.62,11.72,9.07,11.59,12.27,115379.5,119930.18,0.01,0.02,0.04,0.02
792,397867.75,360713.97,9.99,9.71,11.72,9.83,11.37,11.71,115379.1,119930.35,0.02,0.02,0.02,0.04
793,397866.33,360714.79,9.71,9.65,11.8,9.01,10.88,11.48,115378.92,119930.39,0.02,0.03,0.04,0.03
794,397864.41,360715.17,9.65,9.5,12.0,9.57,10.84,11.12,115378.53,119930.3,0.02,0.03,0.01,0.02
795,397863.63,360715.79,10.09,9.47,11.63,9.39,10.69,11.05,115377.92,119929.83,0.02,0.03,0.02,0.01
796,397861.93,360717.28,9.46,9.92,11.96,8.91,10.44,10.62,115377.37,119929.78,0.02,0.03,0.02,0.03
797,397860.87,360717.6,9.79,9.63,11.51,9.96,10.22,10.34,115376.93,119929.42,0.02,0.02,0.0,0.02
798,397860.25,360718.33,9.78,9.49,10.96,9.27,10.14,9.92,115376.45,119929.33,0.02,0.02,0.04,0.01
799,397858.74,360719.28,9.46,10.05,11.86,9.95,9.93,9.48,115375.77,119928.93,0.02,0.01,0.02,0.04
800,397858.1,360720.49,9.78,10.09,11.18,9.52,9.63,9.24,115375.31,119928.53,0.02,0.01,0.01,0.01
801,397856.73,360720.65,9.8,9.34,11.95,9.87,9.17,9.04,115374.99,119928.04,0.02,0.01,0.03,0.02
802,397855.5,360721.59,9.34,10.15,11.37,9.91,8.97,8.77,115374.39,119927.61,0.02,0.01,0.0,0.02
803,397854.8,360722.64,10.18,9.75,11.69,9.59,8.66,8.28,115373.9,119927.21,0.01,0.01,0.02,0.04
804,397853.41,360723.49,9.89,9.56,12.08,9.32,8.45,7.9,115373.31,119926.98,0.01,0.01,0.0,0.0
805,397852.66,360724.6,10.05,9.58,11.59,9.27,8.16,7.5,115372.81,119926.58,0.01,0.01,0.0,0.05
806,397851.86,360726.15,9.75,10.13,11.63,9.48,7.68,7.2,115372.2,119925.98,0.02,0.01,0.04,0.02
807,397851.23,360726.9,9.95,9.83,11.46,9.71,7.49,7.18,115371.52,119925.37,0.01,0.01,0.02,0.02
808,397849.74,360727.24,9.55,9.37,11.73,9.98,7.32,6.95,115371.0,119924.66,0.01,0.0,0.0,0.02
809,397847.78,360728.17,9.45,9.93,12.23,9.68,7.12,6.72,115370.38,119924.21,0.01,0.0,0.04,0.03
810,397846.48,360728.49,10.12,9.58,11.93,10.02,7.13,6.61,115369.86,119923.56,0.01,0.0,0.0,0.01
811,397845.62,360729.28,9.81,9.25,11.59,9.31,6.85,6.53,115369.22,119922.79,0.01,0.0,0.01,0.02
812,397844.54,360730.14,9.71,9.74,11.85,9.89,6.52,6.36,115368.49,119921.95,0.01,0.0,0.03,0.02
813,397842.78,360731.66,9.1,10.07,11.92,9.23,6.28,6.3,115367.67,119921.33,0.01,0.0,0.0,0.0
814,397841.55,360731.98,8.95,9.7,10.99,10.29,6.08,6.07,115367.06,119920.65,0.01,0.0,0.01,0.01
815,397840.3,360732.73,9.78,9.54,12.03,9.78,5.9,5.91,115366.23,119919.82,0.02,0.0,0.02,0.04
816,397840.16,360734.21,9.77,9.98,10.95,9.58,5.82,5.8,115365.28,119918.85,0.01,0.0,0.01,0.01
817,397839.62,360734.88,9.89,9.19,11.4,9.22,5.63,5.74,115364.5,119918.21,0.01,0.0,0.04,0.02
818,397839.02,360736.57,10.11,9.78,11.66,8.92,5.46,5.74,115363.72,119917.38,0.01,0.0,0.01,0.02
819,397837.63,360737.38,9.47,9.44,12.01,9.79,5.31,5.58,115362.72,119916.38,0.01,0.0,0.01,0.0
820,397836.31,360737.81,9.37,9.59,11.57,10.07,5.2,5.42,115361.95,119915.63,0.01,0.0,0.0,0.0
821,397834.82,360739.0,9.19,9.87,11.75,9.59,5.12,5.13,115360.96,119915.01,0.01,0.0,0.02,0.0
822,397833.91,360739.86,9.42,9.73,11.6,9.85,4.99,4.98,115359.82,119914.18,0.01,0.0,0.0,0.01
823,397832.52,360741.13,9.53,9.8,12.0,9.63,4.8,4.89,115358.93,119913.17,0.01,0.0,0.01,0.01
824,397831.44,360742.63,9.36,10.1,11.69,9.51,4.83,4.88,115357.66,119912.27,0.0,0.0,0.01,0.01
825,397830.36,360744.53,9.38,10.37,11.36,9.81,4.64,4.66,115356.95,119911.15,0.0,0.0,0.02,0.01
826,397830.2,360745.92,10.02,9.68,11.32,9.41,4.47,4.54,115355.98,119910.15,0.0,0.0,0.0,0.01
827,397828.73,360747.44,9.37,10.09,11.95,9.57,4.32,4.61,115355.02,119909.08,0.0,0.0,0.01,0.01
828,397827.46,360748.5,9.69,9.78,11.88,9.72,4.14,4.47,115354.28,119908.22,0.0,0.0,0.0,0.0
829,397826.75,360749.54,9.22,9.76,11.16,9.6,3.94,4.28,115353.25,119907.53,0.0,0.0,0.02,0.02
830,397825.74,360750.4,9.17,9.56,11.5,9.86,3.95,4.23,115351.92,119906.42,0.0,0.0,0.01,0.01
831,397824.68,360751.31,9.89,9.43,12.14,9.78,3.86,4.14,115350.82,119905.25,0.0,0.0,0.0,0.02
832,397823.09,360752.56,9.17,9.38,11.72,9.28,3.89,3.92,115349.83,119904.32,0.0,0.0,0.01,0.03
833,397822.14,360753.88,9.36,9.72,11.68,9.65,3.9,3.73,115348.45,119903.26,0.0,0.0,0.0,0.0
834,397821.03,360755.15,9.72,9.9,12.19,9.7,3.7,3.71,115347.29,119902.21,0.0,0.0,0.0,0.0
835,397820.35,360756.06,9.86,9.85,11.47,10.02,3.56,3.69,115346.5,119901.15,0.0,0.0,0.01,0.0
836,397819.47,360757.48,9.61,9.7,11.63,9.16,3.41,3.6,115345.51,119900.36,0.0,0.0,0.03,0.01
837,397818.97,360758.56,9.91,9.41,11.54,9.69,3.26,3.43,115344.53,119899.17,0.0,0.0,0.02,0.01
838,397818.08,360759.55,9.4,9.49,11.45,9.44,3.14,3.48,115343.49,119898.17,0.0,0.01,0.01,0.01
839,397817.58,360761.31,10.0,10.05,11.69,9.45,3.11,3.33,115342.33,119897.16,0.0,0.01,0.01,0.01
840,397816.91,360761.51,9.86,9.57,11.82,10.6,3.03,3.24,115341.12,119896.02,0.0,0.01,0.01,0.01
841,397816.08,360763.35,9.65,9.79,11.65,8.93,3.0,3.2,115339.98,119895.08,0.0,0.01,0.03,0.02
842,397815.0,360763.69,9.59,9.47,11.76,10.31,2.87,3.19,115339.02,119893.91,0.0,0.01,0.01,0.0
843,397814.47,360765.32,9.66,9.78,11.43,9.13,2.84,3.03,115337.81,119893.09,0.0,0.01,0.01,0.02
844,397813.69,360766.95,9.39,9.63,11.3,9.28,2.79,2.94,115336.73,119891.9,0.0,0.01,0.03,0.0
845,397813.61,360768.1,9.92,9.64,11.05,9.46,2.76,2.71,115335.71,119891.16,0.0,0.01,0.0,0.01
846,397812.8,360769.09,9.41,9.7,11.54,9.77,2.61,2.69,115334.54,119890.12,0.0,0.01,0.01,0.0
847,397811.64,360770.05,9.6,9.35,11.9,9.5,2.61,2.75,115333.4,119888.94,0.0,0.02,0.01,0.0
848,397811.45,360771.62,9.47,9.71,11.08,9.4,2.59,2.63,115331.99,119887.8,0.01,0.02,0.0,0.01
849,397810.33,360772.95,9.49,9.9,11.55,9.83,2.58,2.55,115331.06,119886.62,0.01,0.02,0.01,0.0
850,397809.14,360773.69,9.32,9.76,11.63,10.27,2.58,2.54,115329.94,119885.38,0.01,0.02,0.02,0.0
851,397808.69,360774.69,9.65,9.28,11.28,9.29,2.59,2.53,115328.75,119884.38,0.01,0.02,0.01,0.0
852,397807.2,360776.58,9.64,9.74,12.29,9.14,2.49,2.47,115327.69,119883.15,0.01,0.02,0.01,0.0
853,397806.42,360777.9,9.71,9.95,11.88,9.87,2.43,2.4,115326.36,119881.98,0.01,0.02,0.01,0.0
854,397805.44,360778.43,9.6,9.22,11.81,9.75,2.3,2.41,115325.26,119880.91,0.01,0.02,0.0,0.01
855,397805.17,360779.99,10.16,9.89,11.66,9.6,2.3,2.33,115324.03,119879.73,0.01,0.01,0.01,0.0
856,397804.57,360782.06,9.74,10.11,11.6,9.35,2.22,2.28,115322.85,119878.47,0.01,0.01,0.0,0.02
857,397803.16,360783.5,9.41,9.6,12.33,9.64,2.34,2.18,115321.22,119877.09,0.01,0.01,0.01,0.03
858,397802.2,360784.87,9.49,9.85,11.5,9.61,2.21,2.09,115320.3,119876.04,0.01,0.02,0.01,0.02
859,397801.49,360785.64,9.34,9.33,11.38,9.68,2.09,2.0,115319.09,119875.01,0.01,0.02,0.01,0.01
860,397801.46,360787.19,10.03,9.51,11.22,9.46,2.05,1.94,115317.98,119873.57,0.0,0.02,0.0,0.0
861,397800.03,360788.56,9.34,9.79,12.05,9.77,2.09,1.81,115316.66,119872.34,0.0,0.03,0.0,0.02
862,397799.94,360790.15,10.08,10.1,11.3,9.97,2.09,1.76,115315.53,119870.94,0.0,0.02,0.0,0.0
863,397798.87,360792.06,9.29,10.2,11.49,9.91,2.04,1.63,115314.45,119869.45,0.0,0.02,0.01,0.0
864,397798.37,360793.21,9.62,9.26,11.25,9.44,1.92,1.64,115313.44,119868.11,0.0,0.02,0.0,0.0
865,397798.02,360794.37,9.96,9.58,11.53,9.69,1.76,1.51,115312.38,119866.97,0.0,0.02,0.0,0.03
866,397797.45,360794.7,9.41,9.32,11.11,10.23,1.63,1.45,115311.38,119865.79,0.0,0.02,0.0,0.01
867,397796.96,360796.2,9.66,9.82,11.34,9.64,1.57,1.43,115310.25,119864.49,0.0,0.02,0.0,0.0
868,397796.81,360797.18,9.86,9.65,11.49,9.95,1.55,1.32,115308.79,119863.32,0.0,0.02,0.0,0.02
869,397795.85,360799.03,9.73,9.9,12.24,9.28,1.4,1.3,115307.39,119862.11,0.0,0.02,0.0,0.01
870,397794.44,360799.88,8.92,9.65,11.63,10.18,1.29,1.27,115306.2,119860.77,0.0,0.01,0.02,0.0
871,397793.94,360801.48,9.39,9.75,11.05,9.45,1.2,1.28,115305.13,119859.47,0.0,0.0,0.0,0.0
872,397793.27,360802.55,9.81,9.94,11.79,9.96,1.07,1.31,115303.95,119858.35,0.0,0.0,0.0,0.0
873,397792.07,360804.18,9.11,10.1,11.76,9.84,0.96,1.25,115302.61,119857.04,0.0,0.0,0.0,0.01
874,397791.75,360805.19,9.82,9.58,11.62,10.04,0.96,1.2,115301.13,119855.62,0.0,0.0,0.0,0.01
875,397791.72,360806.7,9.8,9.77,11.1,9.59,0.84,1.19,115299.98,119854.3,0.0,0.0,0.01,0.0
876,397790.71,360807.3,9.21,9.33,11.64,9.95,0.81,1.17,115298.59,119853.1,0.0,0.0,0.0,0.0
877,397790.9,360808.34,9.75,9.5,10.98,9.68,0.83,1.1,115297.15,119851.95,0.0,0.0,0.0,0.0
878,397790.97,360809.16,9.43,9.06,10.66,9.56,0.75,1.02,115295.93,119850.71,0.0,0.0,0.0,0.0
879,397790.67,360810.82,9.87,9.74,11.72,9.36,0.72,0.96,115294.41,119849.49,0.0,0.0,0.0,0.0
880,397789.76,360811.98,9.8,9.21,11.88,9.3,0.76,0.9,115293.2,119848.3,0.0,0.0,0.0,0.0
881,397789.61,360813.22,9.83,9.59,11.5,9.68,0.73,0.87,115291.71,119847.0,0.0,0.0,0.0,0.0
882,397788.63,360814.84,9.39,9.73,11.65,9.48,0.79,0.83,115290.37,119845.67,0.0,0.0,0.01,0.0
883,397788.32,360815.48,10.06,9.23,11.59,9.9,0.78,0.84,115289.16,119844.35,0.0,0.0,0.0,0.0
884,397788.53,360816.97,10.45,9.31,11.37,9.11,0.77,0.78,115288.04,119843.12,0.0,0.0,0.0,0.0
885,397788.15,360817.73,9.88,9.46,11.59,10.14,0.71,0.72,115286.77,119841.74,0.0,0.0,0.0,0.01
886,397787.28,360819.55,9.63,10.19,12.06,9.71,0.71,0.62,115285.21,119840.5,0.0,0.0,0.0,0.0
887,397786.88,360820.62,9.84,9.64,11.58,10.0,0.71,0.58,115283.87,119839.11,0.0,0.0,0.0,0.0
888,397786.01,360822.6,9.64,10.08,11.91,9.5,0.65,0.5,115282.53,119837.79,0.0,0.0,0.01,0.0
889,397784.87,360824.2,9.68,9.38,11.93,9.03,0.65,0.54,115281.42,119836.5,0.0,0.0,0.0,0.0
890,397784.36,360825.29,9.61,9.23,11.46,9.58,0.63,0.55,115280.1,119835.05,0.0,0.0,0.0,0.0
891,397784.09,360826.52,9.9,9.83,11.5,9.76,0.61,0.54,115278.79,119833.9,0.0,0.0,0.0,0.0
892,397782.78,360827.75,9.04,9.34,11.74,9.21,0.57,0.51,115277.44,119832.83,0.0,0.0,0.0,0.0
893,397782.51,360828.89,10.28,9.59,11.85,9.85,0.56,0.51,115276.15,119831.43,0.0,0.0,0.0,0.0
894,397782.17,360830.25,10.09,9.61,11.76,9.66,0.53,0.52,115274.85,119830.01,0.0,0.0,0.01,0.0
895,397780.87,360831.64,9.39,9.87,11.95,10.02,0.49,0.46,115273.63,119828.53,0.0,0.0,0.0,0.0
896,397780.1,360832.74,9.69,9.58,11.73,9.9,0.41,0.42,115272.44,119827.15,0.0,0.0,0.0,0.0
897,397779.68,360834.06,9.81,9.44,11.61,9.51,0.42,0.44,115271.05,119825.74,0.0,0.0,0.0,0.0
898,397778.76,360835.14,9.61,9.38,12.24,9.7,0.43,0.44,115269.33,119824.34,0.0,0.0,0.0,0.0
899,397777.9,360836.92,9.61,9.68,11.91,9.2,0.41,0.45,115267.91,119823.03,0.0,0.0,0.0,0.0
900,397776.52,360838.45,8.96,9.9,11.77,9.72,0.38,0.41,115266.51,119821.72,0.0,0.0,0.01,0.0
901,397775.29,360840.09,9.4,9.52,12.02,9.11,0.35,0.39,115265.15,119820.51,0.0,0.0,0.0,0.0
902,397774.36,360840.38,9.75,9.27,11.91,10.43,0.34,0.37,115263.93,119819.08,0.0,0.0,0.0,0.01
903,397773.72,360840.99,9.1,9.19,11.12,9.93,0.32,0.37,115262.57,119817.73,0.0,0.0,0.0,0.0
904,397773.06,360842.15,9.7,9.53,11.66,9.54,0.32,0.35,115261.27,119816.58,0.0,0.0,0.0,0.0
905,397772.15,360844.28,9.73,10.09,11.85,9.63,0.28,0.34,115260.1,119814.91,0.0,0.01,0.0,0.0
906,397771.19,360845.03,9.72,9.3,12.18,10.0,0.28,0.3,115258.6,119813.5,0.0,0.01,0.0,0.0
907,397770.66,360846.02,9.62,9.55,11.58,10.17,0.23,0.3,115257.22,119811.89,0.0,0.01,0.0,0.0
908,397770.25,360847.2,9.75,9.31,11.62,9.69,0.28,0.27,115255.71,119810.36,0.0,0.01,0.0,0.0
909,397770.21,360848.69,10.04,9.42,11.53,9.3,0.27,0.26,115254.27,119809.0,0.0,0.01,0.0,0.0
910,397769.06,360849.78,9.04,9.4,11.69,9.64,0.27,0.29,115252.77,119807.64,0.0,0.01,0.0,0.0
911,397767.79,360850.64,9.1,9.27,11.79,9.86,0.28,0.3,115251.34,119806.18,0.0,0.01,0.0,0.0
912,397766.82,360851.96,9.55,9.7,12.01,9.88,0.28,0.32,115249.85,119804.66,0.0,0.01,0.0,0.0
913,397766.31,360853.54,10.13,9.57,12.14,9.45,0.28,0.29,115248.35,119803.23,0.0,0.01,0.0,0.0
914,397765.06,360854.22,9.59,9.47,11.87,10.28,0.3,0.26,115247.3,119801.77,0.0,0.01,0.0,0.0
915,397764.9,360855.2,9.9,9.62,11.43,9.85,0.32,0.24,115245.91,119800.58,0.0,0.01,0.0,0.0
916,397763.94,360856.71,9.68,9.58,12.02,9.39,0.3,0.22,115244.55,119799.28,0.0,0.01,0.0,0.0
917,397763.32,360857.46,9.52,9.44,11.44,9.97,0.29,0.22,115243.26,119798.0,0.0,0.01,0.0,0.0
918,397762.58,360858.28,10.0,9.56,12.01,9.89,0.28,0.22,115242.0,119796.85,0.0,0.01,0.0,0.0
919,397762.68,360859.96,9.76,9.75,10.96,9.58,0.27,0.23,115240.71,119795.33,0.0,0.01,0.01,0.0
920,397762.26,360861.3,9.4,10.15,11.16,10.23,0.31,0.21,115239.33,119793.94,0.0,0.0,0.0,0.0
921,397761.94,360862.64,9.58,9.43,11.15,9.35,0.28,0.21,115238.11,119792.68,0.0,0.0,0.0,0.0
922,397760.57,360864.21,9.32,9.67,11.93,9.45,0.28,0.21,115236.87,119791.33,0.0,0.0,0.0,0.0
923,397759.76,360865.77,9.83,9.6,11.96,9.44,0.28,0.23,115235.55,119789.91,0.0,0.0,0.0,0.0
924,397758.86,360867.71,9.84,10.12,12.2,9.42,0.29,0.22,115234.08,119788.68,0.0,0.0,0.0,0.0
925,397758.09,360869.11,9.84,9.69,11.88,9.7,0.29,0.21,115232.81,119787.28,0.0,0.0,0.0,0.0
926,397757.37,360870.15,9.96,9.58,12.35,10.03,0.26,0.19,115231.17,119785.81,0.0,0.0,0.0,0.0
927,397757.08,360870.99,9.83,9.48,11.72,10.21,0.25,0.19,115229.58,119784.24,0.0,0.0,0.0,0.0
928,397756.06,360871.41,9.71,9.17,12.06,10.28,0.26,0.18,115228.24,119782.72,0.0,0.0,0.0,0.0
929,397754.76,360873.09,9.32,9.67,11.95,9.41,0.26,0.17,115226.91,119781.31,0.0,0.0,0.0,0.0
930,397753.99,360873.93,9.77,9.55,11.84,9.96,0.26,0.18,115225.61,119780.05,0.0,0.0,0.0,0.01
931,397753.06,360874.94,9.18,9.48,11.66,9.94,0.22,0.19,115224.1,119778.57,0.0,0.0,0.0,0.0
932,397751.86,360876.04,9.85,9.51,12.28,9.74,0.19,0.21,115222.9,119777.22,0.0,0.0,0.0,0.0
933,397751.56,360877.06,10.13,9.49,11.86,10.09,0.21,0.19,115221.45,119775.62,0.0,0.0,0.0,0.0
934,397751.77,360878.46,10.13,9.44,11.25,9.14,0.2,0.15,115220.13,119774.56,0.0,0.0,0.0,0.0
935,397751.37,360879.52,9.96,9.64,11.67,9.88,0.17,0.15,115218.85,119773.26,0.0,0.0,0.0,0.0
936,397751.33,360880.36,10.18,9.87,11.49,10.34,0.16,0.16,115217.59,119771.94,0.0,0.0,0.0,0.0
937,397750.26,360881.75,9.04,9.81,11.53,9.98,0.15,0.15,115216.18,119770.39,0.0,0.0,0.0,0.0
938,397749.93,360883.56,9.65,9.81,11.48,9.59,0.14,0.17,115214.69,119768.78,0.0,0.0,0.0,0.0
939,397748.99,360885.19,9.79,10.13,12.02,10.08,0.13,0.17,115213.41,119767.2,0.0,0.0,0.0,0.0
940,397748.05,360886.52,9.28,9.85,11.62,9.97,0.13,0.16,115212.01,119765.76,0.0,0.0,0.0,0.0
941,397747.57,360887.81,9.82,9.43,11.88,9.51,0.11,0.14,115210.45,119764.41,0.0,0.0,0.0,0.01
942,397747.25,360889.34,9.6,9.57,11.28,9.31,0.09,0.12,115209.11,119763.16,0.0,0.0,0.0,0.0
943,397746.31,360891.32,9.51,9.88,11.75,9.29,0.1,0.12,115207.8,119761.77,0.0,0.0,0.0,0.0
944,397744.94,360892.35,9.17,9.64,11.92,10.06,0.11,0.09,115206.41,119760.35,0.0,0.0,0.0,0.0
945,397744.42,360893.08,9.32,9.35,11.25,10.07,0.12,0.09,115204.99,119758.9,0.0,0.0,0.0,0.0
946,397743.61,360894.52,9.31,9.5,11.54,9.6,0.12,0.08,115203.57,119757.37,0.0,0.0,0.0,0.0
947,397742.93,360896.12,9.33,9.48,11.45,9.12,0.12,0.07,115202.13,119756.14,0.0,0.0,0.0,0.0
948,397743.14,360897.61,10.11,9.23,11.13,9.1,0.1,0.07,115200.92,119754.78,0.0,0.0,0.0,0.0
949,397743.09,360899.34,9.99,9.89,11.5,9.79,0.09,0.07,115199.47,119753.15,0.0,0.0,0.0,0.0
950,397742.7,360900.68,9.91,9.68,11.74,9.92,0.09,0.08,115198.03,119751.56,0.0,0.0,0.0,0.0
951,397742.17,360901.94,9.66,9.73,11.64,9.87,0.09,0.08,115196.58,119750.16,0.0,0.0,0.0,0.0
952,397741.12,360903.27,9.29,9.51,11.66,9.87,0.11,0.05,115195.24,119748.5,0.0,0.0,0.0,0.0
953,397739.97,360903.77,9.34,9.42,11.92,10.16,0.11,0.05,115193.81,119747.26,0.0,0.0,0.0,0.0
954,397739.53,360905.19,9.6,9.67,11.43,9.84,0.1,0.05,115192.43,119745.67,0.0,0.0,0.0,0.0
955,397738.58,360906.53,9.55,9.69,12.02,9.68,0.12,0.06,115190.89,119744.33,0.0,0.0,0.0,0.0
956,397737.99,360908.6,9.44,10.12,11.35,9.3,0.11,0.06,115189.58,119743.08,0.0,0.0,0.0,0.0
957,397737.67,360909.68,9.69,10.01,11.57,10.16,0.1,0.05,115188.03,119741.86,0.0,0.0,0.01,0.0
958,397737.73,360910.66,10.1,9.23,11.47,9.44,0.12,0.05,115186.58,119740.67,0.0,0.0,0.0,0.0
959,397737.65,360911.79,9.85,9.52,11.43,9.78,0.12,0.05,115185.08,119739.28,0.0,0.0,0.0,0.0
960,397737.8,360913.19,9.72,9.39,10.86,9.27,0.11,0.04,115183.8,119738.01,0.0,0.0,0.0,0.0
961,397736.37,360913.95,9.12,9.57,11.79,10.18,0.11,0.03,115182.56,119736.65,0.0,0.0,0.0,0.0
962,397735.87,360914.89,9.58,9.34,11.86,9.83,0.12,0.03,115180.77,119735.22,0.0,0.0,0.0,0.0
963,397735.34,360916.03,9.42,9.57,11.74,9.76,0.11,0.03,115178.99,119733.89,0.0,0.0,0.0,0.0
964,397735.16,360916.87,9.75,9.18,11.49,9.61,0.12,0.03,115177.42,119732.62,0.0,0.0,0.0,0.0
965,397733.83,360918.44,9.32,10.11,11.95,9.95,0.12,0.02,115176.12,119731.22,0.0,0.0,0.0,0.0
966,397733.7,360920.0,10.18,9.97,11.86,9.79,0.1,0.02,115174.59,119729.84,0.0,0.0,0.0,0.0
967,397732.53,360921.39,9.21,9.42,11.86,9.33,0.1,0.03,115173.11,119728.53,0.0,0.0,0.0,0.0
968,397731.77,360923.33,10.08,10.15,12.03,9.64,0.1,0.04,115171.92,119727.09,0.0,0.0,0.0,0.0
969,397731.24,360924.48,9.86,9.43,12.06,9.7,0.09,0.04,115170.26,119725.67,0.0,0.0,0.0,0.0
970,397730.76,360925.83,9.89,9.4,11.79,9.44,0.11,0.04,115168.82,119724.28,0.0,0.0,0.0,0.0
971,397729.89,360926.16,9.54,9.13,11.69,10.28,0.11,0.04,115167.54,119722.8,0.0,0.0,0.0,0.0
972,397729.4,360926.83,9.78,9.17,11.46,9.94,0.07,0.05,115166.39,119721.35,0.0,0.0,0.0,0.0
973,397727.85,360928.76,8.92,9.8,11.85,9.35,0.07,0.05,115165.01,119719.87,0.0,0.0,0.0,0.0
974,397727.71,360928.65,9.98,9.22,11.58,10.56,0.07,0.05,115163.55,119718.64,0.0,0.0,0.0,0.0
975,397726.91,360930.04,10.05,9.6,12.34,9.54,0.08,0.05,115162.05,119717.31,0.0,0.0,0.0,0.0
976,397726.32,360931.19,9.45,9.61,11.58,9.91,0.07,0.07,115160.52,119715.84,0.0,0.0,0.0,0.0
977,397726.1,360932.8,9.79,9.84,11.34,9.7,0.07,0.09,115159.19,119714.35,0.0,0.0,0.0,0.0
978,397724.82,360934.47,9.47,10.13,12.1,9.86,0.07,0.09,115157.84,119712.95,0.0,0.0,0.0,0.0
979,397723.62,360935.92,9.31,9.73,12.13,9.74,0.07,0.11,115156.22,119711.47,0.0,0.0,0.0,0.0
980,397723.36,360937.16,10.01,10.08,11.69,10.26,0.07,0.1,115154.8,119710.06,0.0,0.0,0.0,0.0
981,397723.0,360938.71,10.14,9.82,11.98,9.96,0.05,0.1,115153.34,119708.37,0.0,0.0,0.0,0.01
982,397721.72,360939.66,9.83,9.58,12.89,9.85,0.05,0.1,115151.56,119707.15,0.0,0.0,0.0,0.0
983,397720.86,360940.86,9.69,9.63,11.9,9.9,0.06,0.12,115150.2,119705.66,0.0,0.0,0.0,0.0
984,397720.56,360941.96,9.9,9.42,11.65,9.84,0.05,0.11,115148.76,119704.15,0.0,0.0,0.0,0.0
985,397719.81,360942.87,9.45,9.11,11.63,9.88,0.05,0.1,115147.33,119702.48,0.0,0.0,0.0,0.0
986,397719.51,360943.57,9.75,9.41,11.66,10.09,0.04,0.11,115145.73,119701.09,0.0,0.0,0.0,0.0
987,397718.14,360945.12,9.35,9.89,12.03,9.89,0.05,0.09,115144.41,119699.56,0.0,0.0,0.0,0.0
988,397717.65,360946.78,9.51,9.59,11.6,9.35,0.05,0.09,115142.81,119698.14,0.0,0.0,0.0,0.0
989,397717.19,360948.41,9.87,9.68,11.69,9.63,0.07,0.06,115141.43,119696.59,0.0,0.0,0.0,0.0
990,397716.08,360948.73,9.35,9.36,11.79,10.33,0.09,0.05,115140.08,119695.31,0.0,0.0,0.0,0.0
991,397714.98,360950.13,9.56,9.84,12.0,10.03,0.09,0.04,115138.74,119693.73,0.0,0.0,0.0,0.0
992,397713.93,360950.95,9.49,9.61,12.13,10.3,0.09,0.05,115137.15,119692.21,0.0,0.0,0.0,0.0
993,397712.43,360953.05,9.04,9.99,11.96,9.21,0.08,0.05,115135.74,119690.89,0.0,0.0,0.0,0.0
994,397711.34,360954.65,9.52,9.86,11.87,9.62,0.07,0.06,115134.49,119689.52,0.0,0.0,0.0,0.0
995,397710.76,360956.16,9.66,9.7,11.82,9.75,0.07,0.06,115132.91,119687.96,0.0,0.0,0.0,0.0
996,397710.34,360957.25,9.47,9.96,11.27,10.26,0.07,0.06,115131.53,119686.57,0.0,0.0,0.0,0.0
997,397709.06,360957.57,9.87,8.94,12.46,10.13,0.07,0.06,115130.22,119685.06,0.0,0.0,0.0,0.0
998,397708.01,360958.87,9.28,9.39,11.73,9.34,0.05,0.04,115128.84,119683.83,0.0,0.0,0.0,0.0
999,397707.45,360960.7,10.01,9.93,11.97,9.58,0.04,0.04,115127.45,119682.35,0.0,0.0,0.0,0.0
1000,397706.47,360961.59,9.61,9.09,12.18,9.56,0.03,0.04,115125.87,119680.99,0.0,0.0,0.0,0.0
